DATE,DAX30,FTSE100,SP500,
12/31/2004,4256.08,4814.30,1211.92,
1/3/2005,4291.53,4814.30,1202.08,
1/4/2005,4290.50,4846.95,1188.05,
1/5/2005,4258.24,4806.04,1183.74,
1/6/2005,4300.94,4824.25,1187.89,
1/7/2005,4316.40,4854.09,1186.19,
1/10/2005,4307.37,4840.70,1190.25,
1/11/2005,4258.01,4818.72,1182.99,
1/12/2005,4208.82,4783.58,1187.70,
1/13/2005,4212.14,4800.31,1177.45,
1/14/2005,4232.36,4820.78,1184.52,
1/17/2005,4245.51,4846.66,1184.52,
1/18/2005,4250.71,4823.90,1195.98,
1/19/2005,4245.55,4818.34,1184.63,
1/20/2005,4220.43,4800.83,1175.41,
1/21/2005,4213.70,4803.26,1167.87,
1/24/2005,4201.89,4812.52,1163.75,
1/25/2005,4233.95,4843.20,1168.41,
1/26/2005,4214.12,4847.10,1174.07,
1/27/2005,4216.41,4853.38,1174.55,
1/28/2005,4201.81,4832.84,1171.36,
1/31/2005,4254.85,4852.31,1181.27,
2/1/2005,4279.97,4906.21,1189.41,
2/2/2005,4296.31,4916.24,1193.19,
2/3/2005,4281.64,4908.30,1189.89,
2/4/2005,4339.28,4941.50,1203.03,
2/7/2005,4366.35,4979.82,1201.72,
2/8/2005,4371.39,4995.46,1202.30,
2/9/2005,4353.15,4990.42,1191.99,
2/10/2005,4342.01,4999.99,1197.01,
2/11/2005,4387.80,5044.19,1205.30,
2/14/2005,4386.40,5041.80,1206.14,
2/15/2005,4402.03,5058.88,1210.12,
2/16/2005,4368.77,5053.22,1210.34,
2/17/2005,4369.68,5057.41,1200.75,
2/18/2005,4359.47,5057.16,1201.59,
2/21/2005,4353.34,5060.79,1201.59,
2/22/2005,4323.21,5032.85,1184.16,
2/23/2005,4310.66,4988.45,1190.80,
2/24/2005,4304.29,4972.05,1200.20,
2/25/2005,4348.64,5006.77,1211.37,
2/28/2005,4350.49,4968.50,1203.60,
3/1/2005,4383.62,5000.47,1210.41,
3/2/2005,4393.43,4992.82,1210.08,
3/3/2005,4373.27,5014.79,1210.47,
3/4/2005,4423.52,5036.27,1222.12,
3/7/2005,4428.09,5027.19,1225.31,
3/8/2005,4396.50,5010.92,1219.43,
3/9/2005,4375.60,4996.05,1207.01,
3/10/2005,4337.68,4962.06,1209.25,
3/11/2005,4360.49,4982.05,1200.08,
3/14/2005,4367.30,4975.02,1206.83,
3/15/2005,4387.69,5000.24,1197.75,
3/16/2005,4309.11,4937.62,1188.07,
3/17/2005,4315.92,4922.12,1190.21,
3/18/2005,4327.18,4923.30,1189.65,
3/21/2005,4296.36,4933.47,1183.78,
3/22/2005,4320.69,4937.26,1171.71,
3/23/2005,4317.20,4910.44,1172.53,
3/24/2005,4343.60,4922.50,1171.42,
3/25/2005,4343.60,4922.50,1171.42,
3/28/2005,4343.60,4922.50,1174.28,
3/29/2005,4351.89,4918.96,1165.36,
3/30/2005,4347.52,4900.74,1181.41,
3/31/2005,4348.77,4894.37,1180.59,
4/1/2005,4373.53,4914.03,1172.92,
4/4/2005,4341.39,4896.74,1176.12,
4/5/2005,4362.61,4942.89,1181.39,
4/6/2005,4379.18,4947.42,1184.07,
4/7/2005,4389.52,4977.01,1191.14,
4/8/2005,4400.68,4983.65,1181.20,
4/11/2005,4396.09,4973.25,1181.21,
4/12/2005,4372.12,4946.19,1187.76,
4/13/2005,4405.69,4960.82,1173.79,
4/14/2005,4402.05,4945.39,1162.05,
4/15/2005,4312.25,4891.62,1142.62,
4/18/2005,4202.20,4827.12,1145.98,
4/19/2005,4204.61,4855.55,1152.78,
4/20/2005,4178.62,4822.04,1137.50,
4/21/2005,4193.70,4819.63,1159.95,
4/22/2005,4223.04,4849.28,1152.12,
4/25/2005,4246.96,4864.88,1162.10,
4/26/2005,4233.76,4845.52,1151.74,
4/27/2005,4189.02,4789.43,1156.38,
4/28/2005,4178.10,4790.19,1143.22,
4/29/2005,4184.84,4801.68,1156.85,
5/2/2005,4224.02,4801.68,1162.16,
5/3/2005,4245.54,4861.25,1161.17,
5/4/2005,4264.35,4882.45,1175.65,
5/5/2005,4299.51,4902.32,1172.63,
5/6/2005,4311.06,4918.85,1171.35,
5/9/2005,4292.41,4910.26,1178.84,
5/10/2005,4251.13,4892.43,1166.22,
5/11/2005,4244.16,4875.38,1171.11,
5/12/2005,4267.05,4893.25,1159.36,
5/13/2005,4275.70,4886.48,1154.05,
5/16/2005,4262.18,4884.18,1165.69,
5/17/2005,4251.77,4898.54,1173.80,
5/18/2005,4324.60,4949.38,1185.56,
5/19/2005,4360.42,4962.67,1191.08,
5/20/2005,4360.68,4971.79,1189.28,
5/23/2005,4406.95,4989.82,1193.86,
5/24/2005,4396.64,4982.46,1194.07,
5/25/2005,4389.54,4971.54,1190.01,
5/26/2005,4436.60,4994.92,1197.62,
5/27/2005,4444.71,4986.28,1198.78,
5/30/2005,4480.43,4986.28,1198.78,
5/31/2005,4460.63,4963.97,1191.50,
6/1/2005,4527.17,5011.04,1202.27,
6/2/2005,4532.17,5005.00,1204.29,
6/3/2005,4510.39,4999.38,1196.02,
6/6/2005,4497.26,4980.41,1197.51,
6/7/2005,4566.01,5025.25,1197.26,
6/8/2005,4557.29,5003.73,1194.67,
6/9/2005,4562.75,5009.20,1200.93,
6/10/2005,4586.10,5030.38,1198.11,
6/13/2005,4599.21,5050.36,1200.82,
6/14/2005,4591.69,5046.76,1203.91,
6/15/2005,4548.42,5019.48,1206.58,
6/16/2005,4579.87,5044.98,1210.96,
6/17/2005,4604.57,5077.61,1216.96,
6/20/2005,4586.86,5071.96,1216.10,
6/21/2005,4608.11,5082.12,1213.61,
6/22/2005,4619.60,5099.28,1213.88,
6/23/2005,4627.48,5114.38,1200.73,
6/24/2005,4566.48,5078.97,1191.57,
6/27/2005,4523.82,5043.53,1190.69,
6/28/2005,4557.46,5090.40,1201.57,
6/29/2005,4583.63,5109.14,1199.85,
6/30/2005,4586.28,5113.16,1191.33,
7/1/2005,4617.07,5161.01,1194.44,
7/4/2005,4623.41,5184.33,1194.44,
7/5/2005,4603.65,5190.14,1204.99,
7/6/2005,4615.49,5229.64,1194.94,
7/7/2005,4530.18,5158.27,1197.87,
7/8/2005,4597.97,5232.15,1211.86,
7/11/2005,4663.38,5242.37,1219.44,
7/12/2005,4653.03,5217.15,1222.21,
7/13/2005,4679.89,5245.87,1223.29,
7/14/2005,4699.27,5259.66,1226.50,
7/15/2005,4712.90,5230.85,1227.92,
7/18/2005,4719.57,5214.24,1221.13,
7/19/2005,4770.54,5201.55,1229.35,
7/20/2005,4784.50,5215.24,1235.20,
7/21/2005,4829.87,5221.59,1227.04,
7/22/2005,4836.90,5241.80,1233.68,
7/25/2005,4842.70,5270.70,1229.03,
7/26/2005,4843.49,5256.16,1231.16,
7/27/2005,4855.35,5263.63,1236.79,
7/28/2005,4892.50,5270.32,1243.72,
7/29/2005,4886.50,5282.30,1234.18,
8/1/2005,4890.85,5290.85,1235.35,
8/2/2005,4932.87,5327.47,1244.12,
8/3/2005,4923.12,5332.30,1245.04,
8/4/2005,4874.06,5315.53,1235.86,
8/5/2005,4827.18,5314.75,1226.42,
8/8/2005,4837.86,5344.29,1223.13,
8/9/2005,4909.48,5363.72,1231.38,
8/10/2005,4990.57,5377.48,1229.13,
8/11/2005,4953.93,5358.57,1237.81,
8/12/2005,4937.33,5345.78,1230.39,
8/15/2005,4922.34,5344.24,1233.87,
8/16/2005,4883.81,5322.35,1219.34,
8/17/2005,4871.46,5292.71,1220.24,
8/18/2005,4851.27,5269.32,1219.02,
8/19/2005,4929.91,5312.62,1219.71,
8/22/2005,4941.69,5318.44,1221.73,
8/23/2005,4917.74,5300.24,1217.57,
8/24/2005,4915.95,5275.23,1209.59,
8/25/2005,4856.01,5255.66,1212.39,
8/26/2005,4783.80,5228.06,1205.10,
8/29/2005,4812.24,5228.06,1212.28,
8/30/2005,4791.72,5255.80,1208.41,
8/31/2005,4829.69,5296.92,1220.33,
9/1/2005,4842.94,5328.51,1221.59,
9/2/2005,4837.81,5326.85,1218.02,
9/5/2005,4909.89,5337.84,1218.02,
9/6/2005,4968.28,5359.15,1233.39,
9/7/2005,4988.14,5365.93,1236.36,
9/8/2005,4992.75,5340.79,1231.67,
9/9/2005,5005.93,5359.31,1241.48,
9/12/2005,4989.98,5375.10,1240.56,
9/13/2005,4901.88,5338.01,1231.20,
9/14/2005,4911.17,5347.44,1227.16,
9/15/2005,4905.98,5383.45,1227.73,
9/16/2005,4986.50,5407.90,1237.91,
9/19/2005,4926.13,5429.68,1231.02,
9/20/2005,4962.86,5416.36,1221.34,
9/21/2005,4875.22,5369.68,1210.20,
9/22/2005,4849.01,5385.73,1214.62,
9/23/2005,4882.58,5413.56,1215.29,
9/26/2005,4998.16,5453.08,1215.63,
9/27/2005,4965.88,5447.31,1215.66,
9/28/2005,5048.74,5494.79,1216.89,
9/29/2005,5021.17,5478.22,1227.68,
9/30/2005,5044.12,5477.71,1228.81,
10/3/2005,5082.07,5501.55,1226.70,
10/4/2005,5138.02,5494.43,1214.47,
10/5/2005,5069.42,5427.82,1196.39,
10/6/2005,5017.27,5372.37,1191.49,
10/7/2005,5007.77,5362.30,1195.90,
10/10/2005,5022.79,5374.55,1187.33,
10/11/2005,5032.46,5380.67,1184.87,
10/12/2005,4981.77,5342.16,1177.68,
10/13/2005,4950.07,5265.22,1176.84,
10/14/2005,4975.56,5275.00,1186.57,
10/17/2005,4978.83,5286.53,1190.10,
10/18/2005,4947.18,5263.93,1178.14,
10/19/2005,4845.98,5167.85,1195.76,
10/20/2005,4864.25,5164.07,1177.80,
10/21/2005,4838.40,5142.12,1179.59,
10/24/2005,4901.79,5207.60,1199.38,
10/25/2005,4872.97,5182.12,1196.54,
10/26/2005,4900.79,5227.81,1191.38,
10/27/2005,4806.05,5182.75,1178.90,
10/28/2005,4825.64,5213.40,1198.41,
10/31/2005,4929.07,5317.28,1207.01,
11/1/2005,4922.55,5344.33,1202.76,
11/2/2005,4954.83,5358.63,1214.76,
11/3/2005,5011.00,5431.93,1219.94,
11/4/2005,4995.24,5423.56,1220.14,
11/7/2005,5024.20,5460.80,1222.81,
11/8/2005,5008.83,5460.91,1218.59,
11/9/2005,5011.38,5439.81,1220.65,
11/10/2005,5015.55,5423.50,1230.96,
11/11/2005,5090.75,5465.06,1234.72,
11/14/2005,5092.43,5470.00,1233.76,
11/15/2005,5110.61,5439.60,1229.01,
11/16/2005,5081.46,5429.95,1231.21,
11/17/2005,5099.72,5460.02,1242.80,
11/18/2005,5123.50,5498.90,1248.27,
11/21/2005,5170.61,5497.94,1254.85,
11/22/2005,5174.72,5517.21,1261.23,
11/23/2005,5196.08,5531.71,1265.61,
11/24/2005,5187.98,5511.01,1265.61,
11/25/2005,5194.27,5523.84,1268.25,
11/28/2005,5176.59,5477.37,1257.46,
11/29/2005,5199.48,5490.99,1257.48,
11/30/2005,5193.40,5423.17,1249.48,
12/1/2005,5266.55,5486.12,1264.67,
12/2/2005,5307.99,5528.08,1265.08,
12/5/2005,5266.86,5510.39,1262.09,
12/6/2005,5300.85,5538.77,1263.70,
12/7/2005,5266.75,5528.84,1257.37,
12/8/2005,5286.75,5531.11,1255.84,
12/9/2005,5282.13,5517.42,1259.37,
12/12/2005,5301.21,5501.48,1260.43,
12/13/2005,5310.28,5507.24,1267.43,
12/14/2005,5286.76,5521.13,1272.74,
12/15/2005,5295.82,5495.34,1270.94,
12/16/2005,5353.66,5531.63,1267.32,
12/19/2005,5350.18,5539.78,1259.92,
12/20/2005,5356.60,5547.94,1259.62,
12/21/2005,5397.23,5587.38,1262.79,
12/22/2005,5398.28,5596.98,1268.12,
12/23/2005,5419.05,5595.45,1268.66,
12/26/2005,5419.05,5595.45,1268.66,
12/27/2005,5444.84,5595.45,1256.54,
12/28/2005,5447.15,5622.79,1258.17,
12/29/2005,5458.58,5638.32,1254.42,
12/30/2005,5408.26,5618.76,1248.29,
1/2/2006,5449.98,5618.76,1248.29,
1/3/2006,5460.68,5681.46,1268.80,
1/4/2006,5523.62,5714.58,1273.46,
1/5/2006,5516.53,5691.18,1273.48,
1/6/2006,5536.32,5731.78,1285.45,
1/9/2006,5537.11,5731.46,1290.15,
1/10/2006,5494.71,5688.83,1289.69,
1/11/2006,5532.89,5731.54,1294.18,
1/12/2006,5542.13,5735.15,1286.06,
1/13/2006,5483.09,5711.03,1287.61,
1/16/2006,5514.64,5740.24,1287.61,
1/17/2006,5460.16,5698.96,1282.93,
1/18/2006,5395.61,5663.65,1277.93,
1/19/2006,5430.84,5693.19,1285.04,
1/20/2006,5349.02,5672.36,1261.49,
1/23/2006,5348.72,5660.94,1263.82,
1/24/2006,5334.30,5633.80,1266.86,
1/25/2006,5427.09,5704.39,1264.68,
1/26/2006,5548.91,5722.61,1273.83,
1/27/2006,5647.42,5786.84,1283.72,
1/30/2006,5660.03,5779.84,1285.20,
1/31/2006,5674.15,5760.26,1280.08,
2/1/2006,5726.53,5801.63,1282.46,
2/2/2006,5649.60,5747.27,1270.84,
2/3/2006,5657.12,5759.32,1264.03,
2/6/2006,5666.78,5772.36,1265.02,
2/7/2006,5672.92,5746.79,1254.78,
2/8/2006,5666.41,5725.09,1265.65,
2/9/2006,5743.68,5808.75,1263.78,
2/10/2006,5701.47,5764.11,1266.99,
2/13/2006,5756.33,5793.51,1262.86,
2/14/2006,5763.40,5792.29,1275.53,
2/15/2006,5764.37,5791.46,1280.00,
2/16/2006,5789.25,5828.88,1289.38,
2/17/2006,5795.48,5846.17,1287.24,
2/20/2006,5793.95,5862.96,1287.24,
2/21/2006,5801.04,5857.66,1283.03,
2/22/2006,5862.06,5872.39,1292.67,
2/23/2006,5857.88,5836.04,1287.79,
2/24/2006,5870.79,5860.49,1289.43,
2/27/2006,5915.15,5875.86,1294.12,
2/28/2006,5796.04,5791.54,1280.66,
3/1/2006,5866.61,5844.07,1291.24,
3/2/2006,5783.49,5832.98,1289.14,
3/3/2006,5721.46,5858.69,1287.23,
3/6/2006,5754.06,5897.82,1278.26,
3/7/2006,5739.28,5857.37,1275.88,
3/8/2006,5673.36,5812.94,1278.47,
3/9/2006,5732.22,5855.89,1272.23,
3/10/2006,5804.92,5907.87,1281.58,
3/13/2006,5855.16,5952.84,1284.13,
3/14/2006,5870.88,5950.59,1297.48,
3/15/2006,5898.48,5965.06,1303.02,
3/16/2006,5897.79,5993.25,1305.33,
3/17/2006,5882.38,5999.41,1307.25,
3/20/2006,5902.79,5991.73,1305.08,
3/21/2006,5911.86,5991.25,1297.23,
3/22/2006,5932.31,6007.46,1305.04,
3/23/2006,5947.11,5990.06,1301.67,
3/24/2006,5973.14,6036.27,1302.95,
3/27/2006,5912.26,5972.18,1301.61,
3/28/2006,5890.63,5935.68,1293.23,
3/29/2006,5914.78,5959.22,1302.89,
3/30/2006,5984.19,6015.25,1300.25,
3/31/2006,5970.08,5964.57,1294.83,
4/3/2006,6024.05,6024.28,1297.81,
4/4/2006,6013.85,6004.69,1305.93,
4/5/2006,6029.20,6044.09,1311.56,
4/6/2006,6031.39,6045.65,1309.04,
4/7/2006,5952.92,6026.11,1295.50,
4/10/2006,6003.40,6066.98,1296.60,
4/11/2006,5908.47,6016.49,1286.57,
4/12/2006,5901.25,6000.84,1288.12,
4/13/2006,5918.57,6029.37,1289.12,
4/14/2006,5918.57,6029.37,1289.12,
4/17/2006,5918.57,6029.37,1285.33,
4/18/2006,5902.58,6044.13,1307.65,
4/19/2006,5993.76,6089.77,1309.93,
4/20/2006,6063.28,6081.41,1311.46,
4/21/2006,6094.75,6132.74,1311.28,
4/24/2006,6079.09,6098.71,1308.11,
4/25/2006,6078.80,6086.62,1301.74,
4/26/2006,6107.12,6104.34,1305.41,
4/27/2006,6067.74,6060.03,1309.72,
4/28/2006,6009.89,6023.14,1310.61,
5/1/2006,6009.89,6023.14,1305.19,
5/2/2006,6051.29,6082.07,1313.21,
5/3/2006,5968.96,6010.02,1307.85,
5/4/2006,6039.32,6036.89,1312.25,
5/5/2006,6113.29,6091.74,1325.76,
5/8/2006,6127.98,6067.10,1324.66,
5/9/2006,6140.72,6105.64,1325.14,
5/10/2006,6118.38,6083.39,1322.85,
5/11/2006,6054.72,6042.03,1305.92,
5/12/2006,5916.28,5912.11,1291.24,
5/15/2006,5857.03,5841.27,1294.50,
5/16/2006,5851.92,5846.18,1292.08,
5/17/2006,5652.72,5675.49,1270.32,
5/18/2006,5666.07,5671.59,1261.81,
5/19/2006,5672.28,5657.37,1267.03,
5/22/2006,5546.24,5532.72,1262.07,
5/23/2006,5678.49,5678.71,1256.58,
5/24/2006,5587.23,5587.06,1258.57,
5/25/2006,5706.06,5677.70,1272.88,
5/26/2006,5788.36,5791.00,1280.16,
5/29/2006,5755.02,5791.00,1280.16,
5/30/2006,5622.43,5652.02,1259.84,
5/31/2006,5692.86,5723.81,1270.09,
6/1/2006,5707.59,5749.69,1285.71,
6/2/2006,5687.04,5764.62,1288.22,
6/5/2006,5621.19,5762.13,1265.29,
6/6/2006,5502.81,5669.79,1263.85,
6/7/2006,5543.93,5706.29,1256.15,
6/8/2006,5383.28,5562.94,1257.93,
6/9/2006,5464.08,5655.20,1252.30,
6/12/2006,5395.55,5620.86,1236.40,
6/13/2006,5292.14,5519.63,1223.69,
6/14/2006,5305.99,5506.82,1230.04,
6/15/2006,5422.22,5619.28,1256.16,
6/16/2006,5376.01,5597.44,1251.54,
6/19/2006,5439.23,5626.09,1240.14,
6/20/2006,5493.61,5658.19,1240.12,
6/21/2006,5503.41,5665.03,1252.20,
6/22/2006,5533.42,5684.08,1245.60,
6/23/2006,5529.74,5692.14,1244.50,
6/26/2006,5514.63,5681.24,1250.56,
6/27/2006,5459.15,5652.25,1239.20,
6/28/2006,5456.87,5678.58,1246.00,
6/29/2006,5581.67,5791.48,1272.87,
6/30/2006,5683.31,5833.42,1270.20,
7/3/2006,5712.69,5884.44,1280.19,
7/4/2006,5729.01,5883.53,1280.19,
7/5/2006,5625.63,5826.68,1270.91,
7/6/2006,5695.47,5890.03,1274.08,
7/7/2006,5681.85,5888.86,1265.48,
7/10/2006,5706.32,5896.90,1267.34,
7/11/2006,5616.04,5857.30,1272.52,
7/12/2006,5637.82,5860.56,1258.60,
7/13/2006,5527.29,5765.02,1242.29,
7/14/2006,5422.22,5707.62,1236.20,
7/17/2006,5416.96,5700.97,1234.49,
7/18/2006,5396.85,5681.70,1236.86,
7/19/2006,5539.29,5777.96,1259.81,
7/20/2006,5545.82,5770.88,1249.13,
7/21/2006,5451.01,5719.74,1240.29,
7/24/2006,5578.05,5833.87,1260.91,
7/25/2006,5565.76,5851.16,1268.88,
7/26/2006,5583.10,5877.10,1268.40,
7/27/2006,5659.07,5929.49,1263.20,
7/28/2006,5705.42,5974.92,1278.55,
7/31/2006,5681.97,5928.33,1276.66,
8/1/2006,5596.74,5880.84,1270.92,
8/2/2006,5680.82,5932.11,1278.55,
8/3/2006,5640.03,5838.35,1280.27,
8/4/2006,5723.03,5889.40,1279.36,
8/7/2006,5626.67,5828.80,1275.77,
8/8/2006,5651.92,5818.09,1271.48,
8/9/2006,5702.81,5860.47,1265.95,
8/10/2006,5630.96,5823.38,1271.81,
8/11/2006,5628.37,5820.13,1266.74,
8/14/2006,5692.00,5870.87,1268.21,
8/15/2006,5776.80,5897.88,1285.58,
8/16/2006,5812.94,5896.60,1295.43,
8/17/2006,5833.51,5900.42,1297.48,
8/18/2006,5817.02,5903.36,1302.30,
8/21/2006,5794.83,5915.24,1297.52,
8/22/2006,5818.41,5902.64,1298.82,
8/23/2006,5775.54,5860.04,1292.99,
8/24/2006,5814.08,5869.09,1296.06,
8/25/2006,5811.47,5878.59,1295.09,
8/28/2006,5854.99,5878.59,1301.78,
8/29/2006,5847.02,5888.28,1304.28,
8/30/2006,5867.53,5929.34,1304.27,
8/31/2006,5859.57,5906.13,1303.82,
9/1/2006,5876.54,5949.15,1311.01,
9/4/2006,5909.72,5986.64,1311.01,
9/5/2006,5884.07,5981.69,1313.25,
9/6/2006,5813.06,5929.27,1300.26,
9/7/2006,5773.72,5858.12,1294.02,
9/8/2006,5795.26,5879.27,1298.92,
9/11/2006,5798.46,5850.77,1299.54,
9/12/2006,5873.85,5895.48,1313.11,
9/13/2006,5906.12,5892.15,1318.07,
9/14/2006,5907.37,5877.22,1316.28,
9/15/2006,5937.87,5877.01,1319.87,
9/18/2006,5926.33,5890.25,1321.18,
9/19/2006,5873.46,5831.79,1318.31,
9/20/2006,5954.38,5866.23,1325.18,
9/21/2006,5962.03,5896.73,1318.03,
9/22/2006,5883.32,5822.28,1314.78,
9/25/2006,5901.66,5798.31,1326.37,
9/26/2006,5960.63,5873.55,1336.34,
9/27/2006,5989.71,5930.14,1336.59,
9/28/2006,5989.16,5971.34,1339.15,
9/29/2006,6004.33,5960.81,1335.85,
10/2/2006,5999.46,5957.83,1331.32,
10/3/2006,5992.22,5937.09,1334.11,
10/4/2006,6046.37,5966.50,1350.22,
10/5/2006,6075.28,6004.52,1353.22,
10/6/2006,6085.82,6001.19,1349.58,
10/9/2006,6084.40,6030.88,1350.66,
10/10/2006,6117.71,6072.69,1353.42,
10/11/2006,6119.45,6073.51,1349.95,
10/12/2006,6160.28,6121.28,1362.83,
10/13/2006,6173.68,6157.31,1365.62,
10/16/2006,6186.54,6172.37,1369.05,
10/17/2006,6115.10,6108.62,1364.05,
10/18/2006,6182.78,6150.39,1365.96,
10/19/2006,6177.42,6155.97,1366.96,
10/20/2006,6202.82,6155.19,1368.60,
10/23/2006,6242.91,6166.13,1377.02,
10/24/2006,6247.52,6182.51,1377.38,
10/25/2006,6264.92,6214.55,1382.22,
10/26/2006,6284.19,6184.82,1389.08,
10/27/2006,6262.54,6160.88,1377.34,
10/30/2006,6258.19,6126.79,1377.93,
10/31/2006,6268.92,6129.22,1377.94,
11/1/2006,6291.90,6149.62,1367.81,
11/2/2006,6223.33,6149.28,1367.34,
11/3/2006,6241.15,6148.13,1364.30,
11/6/2006,6330.65,6224.54,1379.78,
11/7/2006,6361.96,6243.96,1382.84,
11/8/2006,6349.26,6238.99,1385.72,
11/9/2006,6358.68,6231.53,1378.33,
11/10/2006,6357.77,6208.41,1380.90,
11/13/2006,6393.73,6194.18,1384.42,
11/14/2006,6387.38,6186.63,1393.22,
11/15/2006,6430.89,6229.79,1396.57,
11/16/2006,6443.02,6254.85,1399.76,
11/17/2006,6412.36,6192.04,1401.20,
11/20/2006,6452.33,6204.52,1400.50,
11/21/2006,6460.39,6202.62,1402.81,
11/22/2006,6476.13,6160.28,1406.09,
11/23/2006,6475.25,6139.99,1406.09,
11/24/2006,6411.96,6122.07,1400.95,
11/27/2006,6298.17,6050.08,1381.90,
11/28/2006,6281.68,6025.91,1386.72,
11/29/2006,6363.80,6084.36,1399.48,
11/30/2006,6309.19,6048.85,1400.63,
12/1/2006,6241.13,6021.54,1396.71,
12/4/2006,6295.23,6050.43,1409.12,
12/5/2006,6372.80,6086.42,1414.76,
12/6/2006,6369.51,6090.35,1412.90,
12/7/2006,6413.03,6131.48,1407.29,
12/8/2006,6427.41,6152.44,1409.84,
12/11/2006,6469.42,6159.77,1413.04,
12/12/2006,6476.17,6156.40,1411.56,
12/13/2006,6520.77,6192.46,1413.21,
12/14/2006,6552.58,6227.96,1425.49,
12/15/2006,6588.83,6260.02,1427.09,
12/18/2006,6597.25,6247.43,1422.48,
12/19/2006,6553.51,6203.95,1425.55,
12/20/2006,6586.91,6198.59,1423.53,
12/21/2006,6573.96,6183.70,1418.30,
12/22/2006,6503.13,6189.97,1410.76,
12/25/2006,6503.13,6189.97,1410.76,
12/26/2006,6503.13,6189.97,1416.90,
12/27/2006,6608.86,6245.24,1426.84,
12/28/2006,6611.81,6240.95,1424.73,
12/29/2006,6596.92,6220.81,1418.30,
1/1/2007,6596.92,6220.81,1418.30,
1/2/2007,6681.13,6310.93,1418.30,
1/3/2007,6691.32,6319.01,1416.60,
1/4/2007,6674.40,6286.96,1418.34,
1/5/2007,6593.09,6220.12,1409.71,
1/8/2007,6607.59,6194.16,1412.84,
1/9/2007,6614.37,6196.14,1412.11,
1/10/2007,6566.56,6160.68,1414.85,
1/11/2007,6687.30,6230.07,1423.82,
1/12/2007,6705.17,6239.01,1430.73,
1/15/2007,6731.74,6263.46,1430.73,
1/16/2007,6716.82,6215.66,1431.90,
1/17/2007,6701.70,6204.46,1430.62,
1/18/2007,6689.62,6210.27,1426.37,
1/19/2007,6747.17,6237.19,1430.50,
1/22/2007,6687.31,6218.43,1422.95,
1/23/2007,6678.93,6227.61,1427.99,
1/24/2007,6748.37,6314.79,1440.13,
1/25/2007,6719.58,6269.26,1423.90,
1/26/2007,6690.34,6228.04,1422.18,
1/29/2007,6726.01,6239.88,1420.62,
1/30/2007,6788.23,6241.96,1428.82,
1/31/2007,6789.11,6203.09,1438.24,
2/1/2007,6851.28,6282.23,1445.94,
2/2/2007,6885.76,6310.92,1448.39,
2/5/2007,6874.06,6317.90,1446.99,
2/6/2007,6875.70,6346.26,1448.00,
2/7/2007,6915.56,6369.47,1450.02,
2/8/2007,6876.73,6346.39,1448.31,
2/9/2007,6911.11,6382.84,1438.06,
2/12/2007,6859.45,6353.46,1433.37,
2/13/2007,6895.34,6381.76,1444.26,
2/14/2007,6961.18,6421.21,1455.30,
2/15/2007,6958.62,6433.32,1456.81,
2/16/2007,6957.07,6419.53,1455.54,
2/19/2007,6987.08,6444.44,1455.54,
2/20/2007,6982.91,6412.33,1459.68,
2/21/2007,6941.66,6357.07,1457.63,
2/22/2007,6973.73,6380.94,1456.38,
2/23/2007,6992.58,6401.49,1451.19,
2/26/2007,7027.59,6434.70,1449.37,
2/27/2007,6819.65,6286.08,1399.04,
2/28/2007,6715.44,6171.47,1406.82,
3/1/2007,6640.24,6116.04,1403.17,
3/2/2007,6603.32,6116.24,1387.17,
3/5/2007,6534.57,6058.65,1374.12,
3/6/2007,6595.00,6138.54,1395.41,
3/7/2007,6617.75,6156.49,1391.97,
3/8/2007,6713.23,6227.69,1401.89,
3/9/2007,6716.52,6245.23,1402.85,
3/12/2007,6715.49,6233.28,1406.60,
3/13/2007,6623.99,6161.15,1377.95,
3/14/2007,6447.70,6000.71,1387.17,
3/15/2007,6585.47,6133.22,1392.28,
3/16/2007,6579.87,6130.60,1386.95,
3/19/2007,6671.41,6189.36,1402.06,
3/20/2007,6700.29,6220.26,1410.94,
3/21/2007,6712.06,6256.77,1435.04,
3/22/2007,6856.96,6318.03,1434.54,
3/23/2007,6899.06,6339.38,1436.11,
3/26/2007,6828.82,6291.94,1437.50,
3/27/2007,6858.34,6292.59,1428.61,
3/28/2007,6816.89,6267.21,1417.23,
3/29/2007,6897.08,6324.18,1422.53,
3/30/2007,6917.03,6308.03,1420.86,
4/2/2007,6937.17,6315.53,1424.55,
4/3/2007,7045.56,6366.11,1437.77,
4/4/2007,7073.91,6364.70,1439.37,
4/5/2007,7099.91,6397.34,1443.76,
4/6/2007,7099.91,6397.34,1443.76,
4/9/2007,7099.91,6397.34,1444.61,
4/10/2007,7166.67,6417.77,1448.39,
4/11/2007,7152.83,6413.25,1438.87,
4/12/2007,7142.95,6416.37,1447.80,
4/13/2007,7212.07,6462.43,1452.85,
4/16/2007,7338.06,6516.22,1468.47,
4/17/2007,7348.83,6497.78,1471.48,
4/18/2007,7282.34,6449.36,1472.50,
4/19/2007,7242.73,6440.57,1470.73,
4/20/2007,7342.54,6486.75,1484.35,
4/23/2007,7335.62,6479.71,1480.93,
4/24/2007,7270.32,6429.54,1480.41,
4/25/2007,7343.08,6461.95,1495.42,
4/26/2007,7387.02,6469.38,1494.25,
4/27/2007,7378.12,6418.67,1494.07,
4/30/2007,7408.87,6449.21,1482.37,
5/1/2007,7408.87,6419.61,1486.30,
5/2/2007,7455.93,6484.45,1495.92,
5/3/2007,7476.69,6537.77,1502.39,
5/4/2007,7516.76,6603.66,1505.62,
5/7/2007,7525.69,6603.66,1509.48,
5/8/2007,7442.20,6550.43,1507.72,
5/9/2007,7475.99,6549.60,1512.58,
5/10/2007,7415.33,6524.12,1491.47,
5/11/2007,7479.34,6565.67,1505.85,
5/14/2007,7459.61,6555.50,1503.15,
5/15/2007,7505.35,6568.65,1501.19,
5/16/2007,7481.25,6559.45,1514.14,
5/17/2007,7499.50,6579.25,1512.75,
5/18/2007,7607.54,6640.92,1522.75,
5/21/2007,7619.31,6636.79,1525.10,
5/22/2007,7659.39,6606.61,1524.12,
5/23/2007,7735.88,6616.40,1522.28,
5/24/2007,7697.38,6565.45,1507.51,
5/25/2007,7739.20,6570.55,1515.73,
5/28/2007,7739.20,6570.55,1515.73,
5/29/2007,7781.04,6606.48,1518.11,
5/30/2007,7764.97,6602.08,1530.23,
5/31/2007,7883.04,6621.45,1530.62,
6/1/2007,7987.85,6676.66,1536.34,
6/4/2007,7976.79,6664.11,1539.18,
6/5/2007,7919.83,6632.80,1530.95,
6/6/2007,7730.05,6522.69,1517.38,
6/7/2007,7618.61,6505.12,1490.72,
6/8/2007,7590.50,6505.11,1507.67,
6/11/2007,7706.10,6567.52,1509.12,
6/12/2007,7678.26,6520.45,1493.00,
6/13/2007,7680.76,6559.56,1515.67,
6/14/2007,7849.16,6649.92,1522.97,
6/15/2007,8030.64,6732.40,1532.91,
6/18/2007,8036.12,6703.50,1531.05,
6/19/2007,8033.52,6650.24,1533.70,
6/20/2007,8090.49,6649.25,1512.84,
6/21/2007,7964.71,6595.99,1522.19,
6/22/2007,7949.63,6567.35,1502.56,
6/25/2007,7930.61,6588.41,1497.74,
6/26/2007,7860.52,6559.28,1492.89,
6/27/2007,7801.23,6527.57,1506.34,
6/28/2007,7921.36,6571.28,1505.71,
6/29/2007,8007.32,6607.90,1503.35,
7/2/2007,7958.24,6590.55,1519.43,
7/3/2007,8050.68,6639.81,1524.87,
7/4/2007,8075.26,6673.07,1524.87,
7/5/2007,7987.13,6635.23,1525.40,
7/6/2007,8048.32,6690.12,1530.44,
7/9/2007,8077.39,6712.67,1531.85,
7/10/2007,7964.76,6630.93,1510.12,
7/11/2007,7898.54,6615.13,1518.76,
7/12/2007,8053.43,6697.70,1547.70,
7/13/2007,8092.77,6716.72,1552.50,
7/16/2007,8105.69,6697.73,1549.52,
7/17/2007,8038.21,6659.15,1549.37,
7/18/2007,7893.61,6567.06,1546.17,
7/19/2007,7991.21,6640.23,1553.08,
7/20/2007,7874.85,6585.23,1534.10,
7/23/2007,7944.21,6624.38,1541.57,
7/24/2007,7806.79,6498.71,1511.04,
7/25/2007,7692.55,6454.31,1518.09,
7/26/2007,7508.96,6251.20,1482.66,
7/27/2007,7451.68,6215.20,1458.95,
7/30/2007,7456.31,6206.12,1473.91,
7/31/2007,7584.14,6360.11,1455.27,
8/1/2007,7473.93,6250.57,1465.81,
8/2/2007,7534.13,6300.26,1472.20,
8/3/2007,7435.67,6224.25,1433.06,
8/6/2007,7444.45,6189.10,1467.67,
8/7/2007,7513.66,6308.84,1476.71,
8/8/2007,7605.94,6393.88,1497.49,
8/9/2007,7453.59,6271.21,1453.09,
8/10/2007,7343.26,6038.34,1453.64,
8/13/2007,7474.33,6219.01,1452.92,
8/14/2007,7425.07,6143.51,1426.54,
8/15/2007,7445.90,6109.33,1406.70,
8/16/2007,7270.07,5858.93,1411.27,
8/17/2007,7378.29,6064.24,1445.94,
8/20/2007,7407.53,6078.68,1445.55,
8/21/2007,7424.75,6086.10,1447.12,
8/22/2007,7500.48,6195.96,1464.07,
8/23/2007,7511.96,6196.87,1462.50,
8/24/2007,7507.27,6220.09,1479.37,
8/27/2007,7485.99,6220.09,1466.79,
8/28/2007,7430.24,6102.23,1432.36,
8/29/2007,7439.18,6132.22,1463.76,
8/30/2007,7519.94,6212.00,1457.64,
8/31/2007,7638.17,6303.30,1473.99,
9/3/2007,7648.58,6315.22,1473.99,
9/4/2007,7721.77,6376.84,1489.42,
9/5/2007,7588.03,6270.67,1472.29,
9/6/2007,7621.72,6313.31,1478.55,
9/7/2007,7436.63,6191.23,1453.55,
9/10/2007,7375.44,6134.13,1451.70,
9/11/2007,7457.90,6280.68,1471.49,
9/12/2007,7472.99,6306.19,1471.56,
9/13/2007,7535.97,6363.89,1483.95,
9/14/2007,7497.74,6289.34,1484.25,
9/17/2007,7479.85,6182.78,1476.65,
9/18/2007,7575.21,6283.30,1519.78,
9/19/2007,7750.84,6460.04,1529.03,
9/20/2007,7735.09,6429.00,1518.75,
9/21/2007,7794.43,6456.69,1525.75,
9/24/2007,7787.92,6465.91,1517.73,
9/25/2007,7769.44,6396.90,1517.21,
9/26/2007,7804.15,6433.03,1525.42,
9/27/2007,7853.79,6486.42,1531.38,
9/28/2007,7861.51,6466.79,1526.75,
10/1/2007,7922.42,6506.25,1547.04,
10/2/2007,7946.79,6500.40,1546.63,
10/3/2007,7955.30,6535.21,1539.59,
10/4/2007,7944.99,6547.91,1542.84,
10/5/2007,8002.18,6595.81,1557.59,
10/8/2007,7974.37,6540.90,1552.58,
10/9/2007,7980.44,6615.39,1565.15,
10/10/2007,7986.57,6633.02,1562.47,
10/11/2007,8033.69,6724.54,1554.41,
10/12/2007,8041.26,6730.71,1561.80,
10/15/2007,7969.47,6644.48,1548.71,
10/16/2007,7962.64,6614.29,1538.53,
10/17/2007,7985.41,6677.67,1541.24,
10/18/2007,7921.40,6609.42,1540.08,
10/19/2007,7884.12,6527.92,1500.63,
10/22/2007,7794.94,6459.32,1506.33,
10/23/2007,7842.79,6513.99,1519.59,
10/24/2007,7828.96,6481.99,1515.88,
10/25/2007,7932.44,6576.31,1514.40,
10/26/2007,7949.17,6661.34,1535.28,
10/29/2007,8009.67,6706.04,1540.98,
10/30/2007,7977.94,6658.99,1531.02,
10/31/2007,8019.22,6721.57,1549.38,
11/1/2007,7880.85,6586.08,1508.44,
11/2/2007,7849.49,6530.60,1509.65,
11/5/2007,7807.55,6461.43,1502.17,
11/6/2007,7827.19,6474.93,1520.27,
11/7/2007,7799.62,6385.10,1475.62,
11/8/2007,7819.47,6381.87,1474.77,
11/9/2007,7812.40,6304.88,1453.70,
11/12/2007,7806.84,6337.90,1439.18,
11/13/2007,7777.56,6362.35,1481.05,
11/14/2007,7783.11,6432.12,1470.58,
11/15/2007,7667.03,6359.58,1451.15,
11/16/2007,7612.26,6291.18,1458.74,
11/19/2007,7511.97,6120.81,1433.27,
11/20/2007,7630.31,6226.51,1439.70,
11/21/2007,7518.42,6070.87,1416.77,
11/22/2007,7562.10,6155.31,1416.77,
11/23/2007,7608.96,6262.11,1440.70,
11/26/2007,7567.36,6180.48,1407.22,
11/27/2007,7531.35,6140.66,1428.23,
11/28/2007,7723.66,6306.24,1469.02,
11/29/2007,7765.19,6349.11,1469.72,
11/30/2007,7870.52,6432.45,1481.14,
12/3/2007,7837.26,6386.57,1472.42,
12/4/2007,7808.94,6315.21,1462.79,
12/5/2007,7944.77,6493.80,1485.01,
12/6/2007,7940.58,6485.63,1507.34,
12/7/2007,7994.07,6554.94,1504.66,
12/10/2007,8033.36,6565.37,1515.96,
12/11/2007,8009.42,6536.86,1477.65,
12/12/2007,8076.12,6559.80,1486.59,
12/13/2007,7928.31,6364.20,1488.41,
12/14/2007,7948.36,6396.96,1467.95,
12/17/2007,7825.44,6277.82,1445.90,
12/18/2007,7850.74,6279.29,1454.98,
12/19/2007,7837.32,6284.54,1453.00,
12/20/2007,7869.19,6345.56,1460.12,
12/21/2007,8002.67,6434.08,1484.46,
12/24/2007,8002.67,6479.32,1496.45,
12/25/2007,8002.67,6479.32,1496.45,
12/26/2007,8002.67,6479.32,1497.66,
12/27/2007,8038.60,6497.83,1476.37,
12/28/2007,8067.32,6476.89,1478.49,
12/31/2007,8067.32,6456.91,1468.36,
1/1/2008,8067.32,6456.91,1468.36,
1/2/2008,7949.11,6416.68,1447.16,
1/3/2008,7908.41,6479.44,1447.16,
1/4/2008,7808.69,6348.52,1411.63,
1/7/2008,7817.17,6335.67,1416.18,
1/8/2008,7849.99,6356.49,1390.19,
1/9/2008,7782.71,6272.70,1409.13,
1/10/2008,7713.09,6222.69,1420.33,
1/11/2008,7717.95,6202.04,1401.02,
1/14/2008,7732.02,6215.69,1416.25,
1/15/2008,7566.38,6025.58,1380.95,
1/16/2008,7471.57,5942.88,1373.20,
1/17/2008,7413.53,5902.41,1333.25,
1/18/2008,7314.17,5901.70,1325.19,
1/21/2008,6790.19,5578.23,1325.19,
1/22/2008,6769.47,5740.11,1310.50,
1/23/2008,6439.21,5609.35,1338.60,
1/24/2008,6821.07,5875.81,1352.07,
1/25/2008,6816.74,5868.96,1330.61,
1/28/2008,6818.85,5788.85,1353.97,
1/29/2008,6892.96,5885.24,1362.30,
1/30/2008,6875.35,5837.31,1355.81,
1/31/2008,6851.75,5879.78,1378.55,
2/1/2008,6968.67,6029.18,1395.42,
2/4/2008,7000.49,6026.21,1380.82,
2/5/2008,6765.25,5868.03,1336.64,
2/6/2008,6847.51,5875.37,1326.45,
2/7/2008,6733.72,5724.12,1336.91,
2/8/2008,6767.28,5784.01,1331.29,
2/11/2008,6743.54,5707.69,1339.13,
2/12/2008,6967.84,5909.97,1348.86,
2/13/2008,6973.67,5880.06,1367.21,
2/14/2008,6962.28,5879.30,1348.86,
2/15/2008,6832.43,5787.61,1349.99,
2/18/2008,6967.55,5946.62,1349.99,
2/19/2008,7002.29,5966.93,1348.78,
2/20/2008,6899.68,5893.57,1360.03,
2/21/2008,6904.85,5932.22,1342.53,
2/22/2008,6806.29,5888.48,1353.11,
2/25/2008,6882.56,5999.51,1371.80,
2/26/2008,6985.97,6087.37,1381.29,
2/27/2008,6997.85,6076.53,1380.02,
2/28/2008,6862.52,5965.66,1367.68,
2/29/2008,6748.13,5884.28,1330.63,
3/3/2008,6689.95,5818.62,1331.34,
3/4/2008,6545.04,5767.74,1326.75,
3/5/2008,6683.71,5853.46,1333.70,
3/6/2008,6591.31,5766.39,1304.34,
3/7/2008,6513.99,5699.91,1293.37,
3/10/2008,6448.08,5629.08,1273.37,
3/11/2008,6524.57,5690.39,1320.65,
3/12/2008,6599.37,5776.41,1308.77,
3/13/2008,6500.56,5692.41,1315.48,
3/14/2008,6451.90,5631.70,1288.14,
3/17/2008,6182.30,5414.42,1276.60,
3/18/2008,6393.39,5605.77,1330.74,
3/19/2008,6361.22,5545.63,1298.42,
3/20/2008,6319.99,5495.24,1329.51,
3/21/2008,6319.99,5495.24,1329.51,
3/24/2008,6319.99,5495.24,1349.88,
3/25/2008,6524.71,5689.07,1352.99,
3/26/2008,6489.26,5660.39,1341.13,
3/27/2008,6578.06,5717.47,1325.76,
3/28/2008,6559.90,5692.88,1315.22,
3/31/2008,6534.97,5702.11,1322.70,
4/1/2008,6720.33,5852.58,1370.18,
4/2/2008,6777.44,5915.94,1367.53,
4/3/2008,6741.72,5891.32,1369.31,
4/4/2008,6763.39,5947.11,1370.40,
4/7/2008,6821.03,6014.76,1372.54,
4/8/2008,6771.98,5990.21,1365.54,
4/9/2008,6721.36,5983.87,1354.49,
4/10/2008,6704.32,5965.09,1360.55,
4/11/2008,6603.57,5895.46,1332.83,
4/14/2008,6554.49,5831.61,1328.32,
4/15/2008,6585.05,5906.86,1334.43,
4/16/2008,6702.84,6046.23,1364.71,
4/17/2008,6681.81,5980.35,1365.56,
4/18/2008,6843.08,6056.55,1390.33,
4/21/2008,6786.55,6052.97,1388.17,
4/22/2008,6728.30,6034.73,1375.94,
4/23/2008,6795.03,6083.61,1379.93,
4/24/2008,6821.32,6050.69,1388.82,
4/25/2008,6896.58,6091.37,1397.84,
4/28/2008,6925.33,6090.36,1396.37,
4/29/2008,6885.34,6089.36,1390.94,
4/30/2008,6948.82,6087.30,1385.59,
5/1/2008,6948.82,6087.25,1409.34,
5/2/2008,7043.23,6215.53,1413.90,
5/5/2008,7052.08,6215.53,1407.49,
5/6/2008,7017.10,6215.25,1418.26,
5/7/2008,7076.25,6260.95,1392.57,
5/8/2008,7071.90,6270.81,1397.68,
5/9/2008,7003.17,6204.69,1388.28,
5/12/2008,7035.95,6220.65,1403.58,
5/13/2008,7060.19,6211.85,1403.04,
5/14/2008,7083.24,6215.99,1408.66,
5/15/2008,7081.05,6251.82,1423.57,
5/16/2008,7156.55,6304.25,1425.35,
5/19/2008,7225.94,6376.49,1426.63,
5/20/2008,7118.50,6191.61,1413.40,
5/21/2008,7040.83,6198.08,1390.71,
5/22/2008,7070.33,6181.56,1394.35,
5/23/2008,6944.05,6087.28,1375.93,
5/26/2008,6953.84,6087.28,1375.93,
5/27/2008,6958.66,6058.53,1385.35,
5/28/2008,7033.84,6069.59,1390.84,
5/29/2008,7055.03,6068.13,1398.26,
5/30/2008,7096.79,6053.50,1400.38,
6/2/2008,7008.77,6007.61,1385.67,
6/3/2008,7019.13,6057.70,1377.65,
6/4/2008,6965.43,5970.14,1377.20,
6/5/2008,6941.83,5995.34,1404.05,
6/6/2008,6803.81,5906.84,1360.68,
6/9/2008,6815.63,5877.56,1361.76,
6/10/2008,6771.10,5827.32,1358.44,
6/11/2008,6650.26,5723.33,1335.49,
6/12/2008,6714.52,5790.51,1339.87,
6/13/2008,6765.32,5802.78,1360.03,
6/16/2008,6729.88,5794.56,1360.14,
6/17/2008,6796.16,5861.92,1350.93,
6/18/2008,6728.91,5756.85,1337.81,
6/19/2008,6721.17,5708.36,1342.83,
6/20/2008,6578.44,5620.77,1317.93,
6/23/2008,6589.46,5667.23,1318.00,
6/24/2008,6536.06,5634.74,1314.29,
6/25/2008,6617.84,5666.12,1321.97,
6/26/2008,6459.60,5518.23,1283.15,
6/27/2008,6421.91,5529.95,1278.38,
6/30/2008,6418.32,5625.90,1280.00,
7/1/2008,6315.94,5479.93,1284.91,
7/2/2008,6305.42,5426.32,1261.52,
7/3/2008,6353.74,5476.57,1262.90,
7/4/2008,6272.21,5412.75,1262.90,
7/7/2008,6395.75,5512.71,1252.31,
7/8/2008,6304.41,5440.51,1273.70,
7/9/2008,6386.46,5529.60,1244.69,
7/10/2008,6305.00,5406.76,1253.39,
7/11/2008,6153.30,5261.60,1239.49,
7/14/2008,6200.25,5300.37,1228.30,
7/15/2008,6081.70,5171.91,1214.91,
7/16/2008,6155.37,5150.62,1245.36,
7/17/2008,6271.27,5286.27,1260.32,
7/18/2008,6382.65,5376.37,1260.68,
7/21/2008,6424.84,5404.34,1260.00,
7/22/2008,6442.79,5364.15,1277.00,
7/23/2008,6536.09,5449.89,1282.19,
7/24/2008,6440.70,5362.26,1252.54,
7/25/2008,6436.71,5352.56,1257.76,
7/28/2008,6351.15,5312.60,1234.37,
7/29/2008,6398.80,5319.23,1263.20,
7/30/2008,6460.12,5420.70,1284.26,
7/31/2008,6479.56,5411.90,1267.38,
8/1/2008,6396.46,5354.67,1260.31,
8/4/2008,6349.81,5320.22,1249.01,
8/5/2008,6518.70,5454.47,1284.88,
8/6/2008,6561.39,5486.13,1289.19,
8/7/2008,6543.49,5477.49,1266.07,
8/8/2008,6561.65,5489.16,1296.32,
8/11/2008,6609.63,5541.78,1305.32,
8/12/2008,6585.87,5534.46,1289.59,
8/13/2008,6422.19,5448.63,1285.83,
8/14/2008,6442.21,5497.45,1292.93,
8/15/2008,6446.02,5454.77,1298.20,
8/18/2008,6432.88,5450.19,1278.60,
8/19/2008,6282.43,5320.36,1266.69,
8/20/2008,6317.80,5371.77,1274.54,
8/21/2008,6236.96,5370.19,1277.72,
8/22/2008,6342.42,5505.56,1292.20,
8/25/2008,6296.95,5505.56,1266.84,
8/26/2008,6340.52,5470.65,1271.51,
8/27/2008,6321.03,5528.15,1281.66,
8/28/2008,6420.54,5601.15,1300.68,
8/29/2008,6422.30,5636.61,1282.83,
9/1/2008,6421.80,5602.82,1282.83,
9/2/2008,6518.47,5620.70,1277.58,
9/3/2008,6467.49,5499.68,1274.98,
9/4/2008,6279.57,5362.06,1236.83,
9/5/2008,6127.44,5240.68,1242.31,
9/8/2008,6263.74,5446.28,1267.79,
9/9/2008,6233.41,5415.61,1224.51,
9/10/2008,6210.32,5366.22,1232.04,
9/11/2008,6178.90,5318.36,1249.05,
9/12/2008,6234.89,5416.73,1251.70,
9/15/2008,6064.16,5204.18,1192.70,
9/16/2008,5965.17,5025.59,1213.59,
9/17/2008,5860.98,4912.36,1156.39,
9/18/2008,5863.42,4879.99,1206.51,
9/19/2008,6189.53,5311.33,1255.08,
9/22/2008,6107.75,5236.26,1207.09,
9/23/2008,6068.53,5136.12,1188.22,
9/24/2008,6052.87,5095.57,1185.87,
9/25/2008,6173.03,5197.02,1209.18,
9/26/2008,6063.50,5088.47,1213.01,
9/29/2008,5807.08,4818.77,1106.39,
9/30/2008,5831.02,4902.45,1166.36,
10/1/2008,5806.33,4959.59,1161.06,
10/2/2008,5660.63,4870.34,1114.28,
10/3/2008,5797.03,4980.25,1099.23,
10/6/2008,5387.01,4589.19,1056.89,
10/7/2008,5326.63,4605.22,996.23,
10/8/2008,5013.62,4366.69,984.94,
10/9/2008,4887.00,4313.80,909.92,
10/10/2008,4544.31,3932.06,899.22,
10/13/2008,5062.45,4256.90,1003.35,
10/14/2008,5199.19,4394.21,998.01,
10/15/2008,4861.63,4079.59,907.84,
10/16/2008,4622.81,3861.39,946.43,
10/17/2008,4781.33,4063.01,940.55,
10/20/2008,4835.01,4282.67,985.40,
10/21/2008,4784.41,4229.73,955.05,
10/22/2008,4571.07,4040.89,896.78,
10/23/2008,4519.70,4087.83,908.11,
10/24/2008,4295.67,3883.36,876.77,
10/27/2008,4334.64,3852.59,848.92,
10/28/2008,4823.45,3926.38,940.51,
10/29/2008,4808.69,4242.54,930.09,
10/30/2008,4869.30,4291.65,954.09,
10/31/2008,4987.97,4377.34,968.75,
11/3/2008,5026.84,4443.28,966.30,
11/4/2008,5278.04,4639.50,1005.75,
11/5/2008,5166.87,4530.73,952.77,
11/6/2008,4813.57,4272.41,904.88,
11/7/2008,4938.46,4364.96,930.99,
11/10/2008,5025.53,4403.92,919.21,
11/11/2008,4761.58,4246.69,898.95,
11/12/2008,4620.80,4182.02,852.30,
11/13/2008,4649.52,4169.21,911.29,
11/14/2008,4710.24,4232.97,873.29,
11/17/2008,4557.27,4132.16,850.75,
11/18/2008,4579.47,4208.55,859.12,
11/19/2008,4354.09,4005.68,806.58,
11/20/2008,4220.20,3874.99,752.44,
11/21/2008,4127.41,3780.96,800.03,
11/24/2008,4554.33,4152.96,851.81,
11/25/2008,4560.42,4171.25,857.39,
11/26/2008,4560.50,4152.69,887.68,
11/27/2008,4665.27,4226.10,887.68,
11/28/2008,4669.44,4288.01,896.24,
12/1/2008,4394.79,4065.49,816.21,
12/2/2008,4531.79,4122.86,848.81,
12/3/2008,4567.24,4169.96,870.74,
12/4/2008,4564.23,4163.61,845.22,
12/5/2008,4381.47,4049.37,876.07,
12/8/2008,4715.88,4300.06,909.70,
12/9/2008,4779.11,4381.26,888.67,
12/10/2008,4804.88,4367.28,899.24,
12/11/2008,4767.20,4388.69,873.59,
12/12/2008,4663.37,4280.35,879.73,
12/15/2008,4654.82,4277.56,868.57,
12/16/2008,4729.91,4309.08,913.18,
12/17/2008,4708.38,4324.19,904.42,
12/18/2008,4756.40,4330.66,885.28,
12/19/2008,4696.70,4286.93,887.88,
12/22/2008,4639.02,4249.16,871.63,
12/23/2008,4629.38,4255.98,863.16,
12/24/2008,4629.38,4216.59,868.15,
12/25/2008,4629.38,4216.59,868.15,
12/26/2008,4629.38,4216.59,872.80,
12/29/2008,4704.86,4319.35,869.42,
12/30/2008,4810.20,4392.68,890.64,
12/31/2008,4810.20,4434.17,903.25,
1/1/2009,4810.20,4434.17,903.25,
1/2/2009,4973.07,4561.79,931.80,
1/5/2009,4983.99,4579.64,927.45,
1/6/2009,5026.31,4638.92,934.70,
1/7/2009,4937.47,4507.51,906.65,
1/8/2009,4879.91,4505.37,909.73,
1/9/2009,4783.89,4448.54,890.35,
1/12/2009,4719.62,4426.19,870.26,
1/13/2009,4636.94,4399.15,871.79,
1/14/2009,4422.35,4180.64,842.62,
1/15/2009,4336.73,4121.11,843.74,
1/16/2009,4366.28,4147.06,850.12,
1/19/2009,4316.14,4108.47,850.12,
1/20/2009,4239.85,4091.40,805.22,
1/21/2009,4261.15,4059.88,840.24,
1/22/2009,4219.42,4052.23,827.50,
1/23/2009,4178.94,4052.47,831.95,
1/26/2009,4326.87,4209.01,836.57,
1/27/2009,4323.42,4194.41,845.71,
1/28/2009,4518.72,4295.20,874.09,
1/29/2009,4428.11,4190.11,845.14,
1/30/2009,4338.35,4149.64,825.88,
2/2/2009,4271.04,4077.78,825.44,
2/3/2009,4374.96,4164.46,838.51,
2/4/2009,4492.79,4228.60,832.23,
2/5/2009,4510.49,4228.93,845.85,
2/6/2009,4644.63,4291.87,868.60,
2/9/2009,4666.82,4307.61,869.89,
2/10/2009,4505.54,4213.08,827.16,
2/11/2009,4530.09,4234.26,833.74,
2/12/2009,4407.56,4202.24,835.19,
2/13/2009,4413.39,4189.59,826.84,
2/16/2009,4366.64,4134.75,826.84,
2/17/2009,4216.60,4034.13,789.17,
2/18/2009,4204.96,4006.83,788.42,
2/19/2009,4215.21,4018.37,778.94,
2/20/2009,4014.66,3889.06,770.05,
2/23/2009,3936.45,3850.73,743.33,
2/24/2009,3895.75,3816.44,773.14,
2/25/2009,3846.21,3848.98,764.90,
2/26/2009,3942.62,3915.64,752.83,
2/27/2009,3843.74,3830.09,735.09,
3/2/2009,3710.07,3625.83,700.82,
3/3/2009,3690.72,3512.09,696.33,
3/4/2009,3890.94,3645.87,712.87,
3/5/2009,3695.49,3529.86,682.55,
3/6/2009,3666.41,3530.73,683.38,
3/9/2009,3692.03,3542.40,676.53,
3/10/2009,3886.98,3715.23,719.60,
3/11/2009,3914.10,3693.81,721.36,
3/12/2009,3956.22,3712.06,750.74,
3/13/2009,3953.60,3753.68,756.55,
3/16/2009,4044.54,3863.99,753.89,
3/17/2009,3987.77,3857.10,778.12,
3/18/2009,3996.32,3804.99,794.35,
3/19/2009,4043.46,3816.93,784.04,
3/20/2009,4068.74,3842.85,768.54,
3/23/2009,4176.37,3952.81,822.92,
3/24/2009,4187.36,3911.46,806.12,
3/25/2009,4223.29,3900.25,813.88,
3/26/2009,4259.37,3925.20,832.86,
3/27/2009,4203.55,3898.85,815.94,
3/30/2009,3989.23,3762.91,787.53,
3/31/2009,4084.76,3926.14,797.87,
4/1/2009,4131.07,3955.61,811.08,
4/2/2009,4381.92,4124.97,834.38,
4/3/2009,4384.99,4029.67,842.50,
4/6/2009,4349.81,3993.54,835.48,
4/7/2009,4322.50,3930.52,815.55,
4/8/2009,4357.92,3925.52,825.16,
4/9/2009,4491.12,3983.71,856.56,
4/10/2009,4491.12,3983.71,856.56,
4/13/2009,4491.12,3983.71,858.73,
4/14/2009,4557.01,3988.99,841.50,
4/15/2009,4549.79,3968.40,852.06,
4/16/2009,4609.46,4052.98,865.30,
4/17/2009,4676.84,4092.80,869.60,
4/20/2009,4486.30,3990.86,832.39,
4/21/2009,4501.63,3987.46,850.08,
4/22/2009,4594.42,4030.66,843.55,
4/23/2009,4538.21,4018.23,851.92,
4/24/2009,4674.32,4155.99,866.23,
4/27/2009,4694.07,4167.01,857.51,
4/28/2009,4607.42,4096.40,855.16,
4/29/2009,4704.56,4189.59,873.64,
4/30/2009,4769.45,4243.71,872.81,
5/1/2009,4769.45,4243.22,877.52,
5/4/2009,4902.45,4243.22,907.24,
5/5/2009,4853.03,4336.94,903.80,
5/6/2009,4880.71,4396.49,919.53,
5/7/2009,4804.10,4398.68,907.39,
5/8/2009,4913.90,4462.09,929.23,
5/11/2009,4866.91,4435.50,909.24,
5/12/2009,4854.11,4425.54,908.35,
5/13/2009,4727.61,4331.37,883.92,
5/14/2009,4738.47,4362.58,893.07,
5/15/2009,4737.50,4348.11,882.88,
5/18/2009,4851.96,4446.45,909.71,
5/19/2009,4959.62,4482.25,908.13,
5/20/2009,5038.94,4468.41,903.47,
5/21/2009,4900.67,4345.47,888.33,
5/22/2009,4918.75,4365.29,887.00,
5/25/2009,4918.45,4365.29,887.00,
5/26/2009,4985.60,4411.72,910.33,
5/27/2009,5000.77,4416.23,893.06,
5/28/2009,4932.88,4387.54,906.83,
5/29/2009,4940.82,4417.94,919.14,
6/1/2009,5142.56,4506.19,942.87,
6/2/2009,5144.06,4477.02,944.74,
6/3/2009,5054.53,4383.42,931.76,
6/4/2009,5064.80,4386.94,942.46,
6/5/2009,5077.03,4438.56,940.09,
6/8/2009,5004.72,4405.22,939.14,
6/9/2009,4997.86,4404.79,942.43,
6/10/2009,5051.18,4436.75,939.15,
6/11/2009,5107.26,4461.87,944.89,
6/12/2009,5069.24,4441.95,946.21,
6/15/2009,4889.94,4326.01,923.72,
6/16/2009,4890.72,4328.57,911.97,
6/17/2009,4799.98,4278.46,910.71,
6/18/2009,4837.48,4280.86,918.37,
6/19/2009,4839.46,4345.93,921.23,
6/22/2009,4693.40,4234.05,893.04,
6/23/2009,4707.15,4230.02,895.10,
6/24/2009,4836.01,4279.98,900.94,
6/25/2009,4800.56,4252.57,920.26,
6/26/2009,4776.47,4241.01,918.90,
6/29/2009,4885.09,4294.03,927.23,
6/30/2009,4808.64,4249.21,919.32,
7/1/2009,4905.44,4340.71,923.33,
7/2/2009,4718.49,4234.27,896.42,
7/3/2009,4708.21,4236.28,896.42,
7/6/2009,4651.82,4194.91,898.72,
7/7/2009,4598.19,4187.00,881.03,
7/8/2009,4572.65,4140.23,879.56,
7/9/2009,4630.07,4158.66,882.68,
7/10/2009,4576.31,4127.17,879.13,
7/13/2009,4722.34,4202.13,901.05,
7/14/2009,4781.69,4237.68,905.84,
7/15/2009,4928.44,4346.46,932.68,
7/16/2009,4957.19,4361.84,940.74,
7/17/2009,4978.40,4388.75,940.38,
7/20/2009,5030.15,4443.62,951.13,
7/21/2009,5093.97,4481.17,954.58,
7/22/2009,5121.56,4493.73,954.07,
7/23/2009,5247.28,4559.80,976.29,
7/24/2009,5229.36,4576.61,979.26,
7/27/2009,5251.55,4586.13,982.18,
7/28/2009,5174.74,4528.84,979.62,
7/29/2009,5270.32,4547.53,975.15,
7/30/2009,5360.66,4631.61,986.75,
7/31/2009,5332.14,4608.36,987.48,
8/3/2009,5426.85,4682.46,1002.63,
8/4/2009,5417.02,4671.37,1005.65,
8/5/2009,5353.01,4647.13,1002.72,
8/6/2009,5369.98,4690.53,997.08,
8/7/2009,5458.96,4731.56,1010.48,
8/10/2009,5418.12,4722.20,1007.10,
8/11/2009,5285.81,4671.34,994.35,
8/12/2009,5350.09,4716.76,1005.81,
8/13/2009,5401.11,4755.46,1012.73,
8/14/2009,5309.11,4713.97,1004.09,
8/17/2009,5201.61,4645.01,979.73,
8/18/2009,5250.74,4685.78,989.67,
8/19/2009,5231.98,4689.67,996.46,
8/20/2009,5311.06,4756.58,1007.37,
8/21/2009,5462.74,4850.89,1026.13,
8/24/2009,5519.75,4896.23,1025.57,
8/25/2009,5557.09,4916.80,1028.00,
8/26/2009,5521.97,4890.58,1028.12,
8/27/2009,5470.33,4869.35,1030.98,
8/28/2009,5517.35,4908.90,1028.93,
8/31/2009,5464.61,4908.90,1020.62,
9/1/2009,5327.29,4819.70,998.04,
9/2/2009,5319.84,4817.55,994.75,
9/3/2009,5301.42,4796.75,1003.24,
9/4/2009,5384.43,4851.70,1016.40,
9/7/2009,5463.51,4933.18,1016.40,
9/8/2009,5481.73,4947.34,1025.39,
9/9/2009,5574.26,5004.30,1033.37,
9/10/2009,5594.77,4987.68,1044.14,
9/11/2009,5624.02,5011.47,1042.73,
9/14/2009,5620.24,5018.85,1049.34,
9/15/2009,5628.98,5042.13,1052.63,
9/16/2009,5700.26,5124.13,1068.76,
9/17/2009,5731.14,5163.95,1065.49,
9/18/2009,5703.83,5172.89,1068.30,
9/21/2009,5668.65,5134.36,1064.66,
9/22/2009,5709.38,5142.60,1071.66,
9/23/2009,5702.05,5139.37,1060.87,
9/24/2009,5605.21,5079.27,1050.78,
9/25/2009,5581.41,5082.20,1044.38,
9/28/2009,5736.31,5165.70,1062.98,
9/29/2009,5713.52,5159.72,1060.61,
9/30/2009,5675.16,5133.90,1057.08,
10/1/2009,5554.55,5047.81,1029.85,
10/2/2009,5467.90,4988.70,1025.21,
10/5/2009,5508.85,5024.33,1040.46,
10/6/2009,5657.64,5137.98,1054.72,
10/7/2009,5640.75,5108.90,1057.58,
10/8/2009,5716.54,5154.64,1065.48,
10/9/2009,5711.88,5161.87,1071.49,
10/12/2009,5783.23,5210.17,1076.19,
10/13/2009,5714.31,5154.15,1073.19,
10/14/2009,5854.14,5256.10,1092.02,
10/15/2009,5830.77,5222.95,1096.56,
10/16/2009,5743.39,5190.24,1087.68,
10/19/2009,5852.56,5281.54,1097.91,
10/20/2009,5811.77,5243.40,1091.06,
10/21/2009,5833.49,5257.85,1081.40,
10/22/2009,5762.93,5207.36,1092.91,
10/23/2009,5740.25,5242.57,1079.60,
10/26/2009,5642.16,5191.74,1066.95,
10/27/2009,5635.02,5200.97,1063.41,
10/28/2009,5496.27,5080.42,1042.63,
10/29/2009,5587.45,5137.72,1066.11,
10/30/2009,5414.96,5044.55,1036.19,
11/2/2009,5430.82,5104.50,1042.88,
11/3/2009,5353.35,5037.21,1045.41,
11/4/2009,5444.23,5107.89,1046.50,
11/5/2009,5480.92,5125.64,1066.63,
11/6/2009,5488.25,5142.72,1069.30,
11/9/2009,5619.72,5235.18,1093.08,
11/10/2009,5613.20,5230.55,1093.01,
11/11/2009,5668.35,5266.75,1098.51,
11/12/2009,5663.96,5276.50,1087.24,
11/13/2009,5686.83,5296.38,1093.48,
11/16/2009,5804.82,5382.67,1109.30,
11/17/2009,5778.43,5345.93,1110.32,
11/18/2009,5787.61,5342.13,1109.80,
11/19/2009,5702.18,5267.70,1094.90,
11/20/2009,5663.15,5251.41,1091.38,
11/23/2009,5801.48,5355.50,1106.24,
11/24/2009,5769.31,5323.96,1105.65,
11/25/2009,5803.02,5364.81,1110.63,
11/26/2009,5614.17,5194.13,1110.63,
11/27/2009,5685.61,5245.73,1091.49,
11/30/2009,5625.95,5190.68,1095.63,
12/1/2009,5776.61,5312.17,1108.86,
12/2/2009,5781.68,5327.39,1109.24,
12/3/2009,5770.35,5313.00,1099.92,
12/4/2009,5817.65,5322.36,1105.98,
12/7/2009,5784.75,5310.66,1103.25,
12/8/2009,5688.58,5223.13,1091.94,
12/9/2009,5647.84,5203.89,1095.95,
12/10/2009,5709.02,5244.37,1102.35,
12/11/2009,5756.29,5261.57,1106.41,
12/14/2009,5802.26,5315.34,1114.11,
12/15/2009,5811.34,5285.77,1107.93,
12/16/2009,5903.43,5320.26,1109.18,
12/17/2009,5844.44,5217.61,1096.08,
12/18/2009,5831.21,5196.81,1102.47,
12/21/2009,5930.53,5293.99,1114.05,
12/22/2009,5945.69,5328.66,1118.02,
12/23/2009,5957.44,5372.38,1120.59,
12/24/2009,5957.44,5402.41,1126.48,
12/25/2009,5957.44,5402.41,1126.48,
12/28/2009,6002.92,5402.41,1127.78,
12/29/2009,6011.55,5437.61,1126.20,
12/30/2009,5957.43,5397.86,1126.42,
12/31/2009,5957.43,5412.88,1115.10,
1/1/2010,5957.43,5412.88,1115.10,
1/4/2010,6048.30,5500.34,1132.99,
1/5/2010,6031.86,5522.50,1136.52,
1/6/2010,6034.33,5530.04,1137.14,
1/7/2010,6019.36,5526.72,1141.70,
1/8/2010,6037.61,5534.24,1144.98,
1/11/2010,6040.50,5538.07,1146.98,
1/12/2010,5943.00,5498.71,1136.22,
1/13/2010,5963.14,5473.48,1145.68,
1/14/2010,5988.88,5498.20,1148.46,
1/15/2010,5875.97,5455.37,1136.03,
1/18/2010,5918.55,5494.39,1136.03,
1/19/2010,5976.48,5513.14,1150.23,
1/20/2010,5851.53,5420.80,1138.04,
1/21/2010,5746.97,5335.10,1116.48,
1/22/2010,5695.32,5302.99,1091.76,
1/25/2010,5631.37,5260.31,1096.79,
1/26/2010,5668.93,5276.85,1092.17,
1/27/2010,5643.20,5217.47,1097.50,
1/28/2010,5540.33,5145.74,1084.53,
1/29/2010,5608.79,5188.52,1073.87,
2/1/2010,5654.48,5247.41,1089.19,
2/2/2010,5709.66,5283.31,1103.32,
2/3/2010,5672.09,5253.15,1097.28,
2/4/2010,5533.24,5139.31,1063.11,
2/5/2010,5434.34,5060.92,1066.19,
2/8/2010,5484.85,5092.33,1056.75,
2/9/2010,5498.26,5111.84,1070.52,
2/10/2010,5536.37,5131.99,1068.14,
2/11/2010,5503.93,5161.48,1078.47,
2/12/2010,5500.39,5142.45,1075.51,
2/15/2010,5511.10,5167.47,1075.51,
2/16/2010,5592.12,5244.06,1094.87,
2/17/2010,5648.34,5276.64,1099.51,
2/18/2010,5680.41,5325.09,1106.75,
2/19/2010,5722.05,5358.17,1109.17,
2/22/2010,5688.44,5352.07,1108.02,
2/23/2010,5604.07,5315.09,1094.60,
2/24/2010,5615.51,5342.92,1105.24,
2/25/2010,5532.33,5278.22,1102.94,
2/26/2010,5598.46,5354.52,1104.49,
3/1/2010,5713.51,5405.94,1115.71,
3/2/2010,5776.56,5484.06,1118.31,
3/3/2010,5817.88,5533.21,1118.79,
3/4/2010,5795.32,5527.16,1122.97,
3/5/2010,5877.36,5599.76,1138.70,
3/8/2010,5875.91,5606.72,1138.51,
3/9/2010,5885.89,5602.30,1140.45,
3/10/2010,5936.72,5640.57,1145.61,
3/11/2010,5928.63,5617.26,1150.24,
3/12/2010,5945.11,5625.65,1149.99,
3/15/2010,5903.56,5593.85,1150.51,
3/16/2010,5970.99,5620.43,1159.46,
3/17/2010,6024.28,5644.63,1166.21,
3/18/2010,6012.31,5642.62,1165.83,
3/19/2010,5982.43,5650.12,1159.90,
3/22/2010,5987.50,5644.54,1165.81,
3/23/2010,6017.27,5673.63,1174.17,
3/24/2010,6039.00,5677.88,1167.72,
3/25/2010,6132.95,5727.65,1165.73,
3/26/2010,6120.05,5703.02,1166.59,
3/29/2010,6156.85,5710.66,1173.22,
3/30/2010,6142.45,5672.32,1173.27,
3/31/2010,6153.55,5679.64,1169.43,
4/1/2010,6235.56,5744.89,1178.10,
4/2/2010,6235.56,5744.89,1178.10,
4/5/2010,6235.56,5744.89,1187.44,
4/6/2010,6252.21,5780.35,1189.44,
4/7/2010,6222.41,5762.06,1182.45,
4/8/2010,6171.83,5712.70,1186.44,
4/9/2010,6249.70,5770.98,1194.37,
4/12/2010,6250.69,5777.65,1196.48,
4/13/2010,6230.83,5761.66,1197.30,
4/14/2010,6278.40,5796.25,1210.65,
4/15/2010,6291.45,5825.01,1211.67,
4/16/2010,6180.90,5743.96,1192.13,
4/19/2010,6162.44,5727.91,1197.52,
4/20/2010,6264.23,5783.69,1207.18,
4/21/2010,6230.38,5723.43,1205.95,
4/22/2010,6168.72,5665.33,1208.67,
4/23/2010,6259.53,5723.65,1217.28,
4/26/2010,6332.10,5753.85,1212.05,
4/27/2010,6159.51,5603.52,1183.71,
4/28/2010,6084.34,5586.61,1191.36,
4/29/2010,6144.91,5617.84,1206.78,
4/30/2010,6135.70,5553.29,1186.69,
5/3/2010,6166.92,5553.29,1202.26,
5/4/2010,6006.86,5411.11,1173.60,
5/5/2010,5958.45,5341.93,1165.90,
5/6/2010,5908.26,5260.99,1128.15,
5/7/2010,5715.09,5123.02,1110.89,
5/10/2010,6017.91,5387.42,1159.73,
5/11/2010,6037.71,5334.21,1155.79,
5/12/2010,6183.49,5383.45,1171.67,
5/13/2010,6251.97,5433.73,1157.44,
5/14/2010,6056.71,5262.85,1135.68,
5/17/2010,6066.92,5262.54,1136.94,
5/18/2010,6155.93,5307.34,1120.80,
5/19/2010,5988.67,5158.08,1115.05,
5/20/2010,5867.88,5073.13,1071.59,
5/21/2010,5829.25,5062.93,1087.69,
5/24/2010,5805.68,5069.61,1073.65,
5/25/2010,5670.04,4940.68,1074.03,
5/26/2010,5758.02,5038.08,1067.95,
5/27/2010,5937.14,5195.17,1103.06,
5/28/2010,5946.18,5188.43,1089.41,
5/31/2010,5964.33,5188.43,1089.41,
6/1/2010,5981.27,5163.30,1070.71,
6/2/2010,5981.20,5151.32,1098.38,
6/3/2010,6054.63,5211.18,1102.83,
6/4/2010,5938.88,5126.00,1064.88,
6/7/2010,5904.95,5069.06,1050.48,
6/8/2010,5868.55,5028.15,1062.00,
6/9/2010,5984.75,5085.86,1055.69,
6/10/2010,6056.59,5132.50,1086.84,
6/11/2010,6047.83,5163.68,1091.60,
6/14/2010,6125.00,5202.13,1089.63,
6/15/2010,6175.05,5217.82,1115.23,
6/16/2010,6190.91,5237.92,1114.61,
6/17/2010,6223.54,5253.89,1116.04,
6/18/2010,6216.98,5250.84,1117.51,
6/21/2010,6292.97,5299.11,1113.20,
6/22/2010,6269.04,5246.98,1095.31,
6/23/2010,6204.52,5178.52,1092.04,
6/24/2010,6115.48,5100.23,1073.69,
6/25/2010,6070.60,5046.47,1076.77,
6/28/2010,6157.22,5071.68,1074.57,
6/29/2010,5952.03,4914.22,1041.24,
6/30/2010,5965.52,4916.87,1030.71,
7/1/2010,5857.43,4805.75,1027.37,
7/2/2010,5834.15,4838.09,1022.58,
7/5/2010,5816.20,4823.53,1022.58,
7/6/2010,5940.98,4965.00,1028.06,
7/7/2010,5992.86,5014.82,1060.27,
7/8/2010,6035.66,5105.45,1070.25,
7/9/2010,6065.24,5132.94,1077.96,
7/12/2010,6077.19,5167.02,1078.75,
7/13/2010,6191.13,5271.02,1095.34,
7/14/2010,6209.76,5253.52,1095.17,
7/15/2010,6149.36,5211.29,1096.48,
7/16/2010,6040.27,5158.85,1064.88,
7/19/2010,6009.11,5148.28,1071.25,
7/20/2010,5967.49,5139.46,1083.48,
7/21/2010,5990.38,5214.64,1069.59,
7/22/2010,6142.15,5313.81,1093.67,
7/23/2010,6166.34,5312.62,1102.66,
7/26/2010,6194.21,5351.12,1115.01,
7/27/2010,6207.31,5365.67,1113.84,
7/28/2010,6178.94,5319.68,1106.13,
7/29/2010,6134.70,5313.95,1101.53,
7/30/2010,6147.97,5258.02,1101.60,
8/2/2010,6292.13,5397.11,1125.86,
8/3/2010,6307.91,5396.48,1120.46,
8/4/2010,6331.33,5386.16,1127.24,
8/5/2010,6333.58,5365.78,1125.82,
8/6/2010,6259.63,5332.39,1121.64,
8/9/2010,6351.60,5410.52,1127.79,
8/10/2010,6286.25,5376.41,1121.06,
8/11/2010,6154.07,5245.21,1089.47,
8/12/2010,6135.17,5266.06,1083.61,
8/13/2010,6110.41,5275.44,1079.25,
8/16/2010,6110.57,5276.10,1079.38,
8/17/2010,6206.40,5350.55,1092.54,
8/18/2010,6186.31,5302.87,1094.16,
8/19/2010,6075.13,5211.29,1075.63,
8/20/2010,6005.16,5195.28,1071.69,
8/23/2010,6010.91,5234.84,1067.36,
8/24/2010,5935.44,5155.95,1051.87,
8/25/2010,5899.50,5109.40,1055.33,
8/26/2010,5912.58,5155.84,1047.22,
8/27/2010,5951.17,5201.56,1064.59,
8/30/2010,5912.41,5201.56,1048.92,
8/31/2010,5925.22,5225.22,1049.33,
9/1/2010,6083.90,5366.41,1080.29,
9/2/2010,6083.85,5371.04,1090.10,
9/3/2010,6134.62,5428.15,1104.51,
9/6/2010,6155.04,5439.19,1104.51,
9/7/2010,6117.89,5407.82,1091.84,
9/8/2010,6164.44,5429.74,1098.87,
9/9/2010,6221.52,5494.16,1104.18,
9/10/2010,6214.77,5501.64,1109.55,
9/13/2010,6261.68,5565.53,1121.90,
9/14/2010,6275.41,5567.41,1121.10,
9/15/2010,6261.87,5555.56,1125.07,
9/16/2010,6249.65,5540.14,1124.66,
9/17/2010,6209.76,5508.45,1125.59,
9/20/2010,6294.58,5602.54,1142.71,
9/21/2010,6275.98,5576.19,1139.78,
9/22/2010,6208.33,5551.91,1134.28,
9/23/2010,6184.71,5547.08,1124.83,
9/24/2010,6298.30,5598.48,1148.67,
9/27/2010,6278.89,5573.42,1142.16,
9/28/2010,6276.09,5578.44,1147.70,
9/29/2010,6246.92,5569.27,1144.73,
9/30/2010,6229.02,5548.62,1141.20,
10/1/2010,6211.34,5592.90,1146.24,
10/4/2010,6134.21,5555.97,1137.03,
10/5/2010,6215.83,5635.76,1160.75,
10/6/2010,6270.73,5681.39,1159.97,
10/7/2010,6276.25,5662.13,1158.06,
10/8/2010,6291.67,5657.61,1165.15,
10/11/2010,6309.51,5672.40,1165.32,
10/12/2010,6304.57,5661.59,1169.77,
10/13/2010,6434.52,5747.35,1178.10,
10/14/2010,6455.27,5727.21,1173.81,
10/15/2010,6492.30,5703.37,1176.19,
10/18/2010,6516.63,5742.52,1184.71,
10/19/2010,6490.69,5703.89,1165.90,
10/20/2010,6524.55,5728.93,1178.17,
10/21/2010,6611.01,5757.86,1180.27,
10/22/2010,6605.84,5741.37,1183.08,
10/25/2010,6639.21,5751.98,1185.62,
10/26/2010,6613.80,5707.30,1185.64,
10/27/2010,6568.00,5646.02,1182.45,
10/28/2010,6595.28,5677.89,1183.78,
10/29/2010,6601.37,5675.16,1183.26,
11/1/2010,6604.86,5694.62,1184.39,
11/2/2010,6654.31,5757.43,1193.57,
11/3/2010,6617.80,5748.97,1197.96,
11/4/2010,6734.69,5862.79,1221.06,
11/5/2010,6754.20,5875.35,1225.85,
11/8/2010,6750.50,5849.96,1223.25,
11/9/2010,6787.81,5875.19,1213.40,
11/10/2010,6719.84,5816.94,1218.71,
11/11/2010,6723.41,5815.23,1213.54,
11/12/2010,6734.61,5796.87,1199.21,
11/15/2010,6790.17,5820.41,1197.75,
11/16/2010,6663.24,5681.90,1178.34,
11/17/2010,6700.07,5692.56,1178.59,
11/18/2010,6832.11,5768.71,1196.69,
11/19/2010,6843.55,5732.83,1199.73,
11/22/2010,6822.05,5680.83,1197.84,
11/23/2010,6705.00,5581.28,1180.73,
11/24/2010,6823.80,5657.10,1198.35,
11/25/2010,6879.66,5698.93,1198.35,
11/26/2010,6848.98,5668.70,1189.40,
11/29/2010,6697.97,5550.95,1187.76,
11/30/2010,6688.49,5528.27,1180.55,
12/1/2010,6866.63,5642.50,1206.07,
12/2/2010,6957.61,5767.56,1221.53,
12/3/2010,6947.72,5745.32,1224.71,
12/6/2010,6954.38,5770.28,1223.12,
12/7/2010,7001.91,5808.45,1223.75,
12/8/2010,6975.87,5794.53,1228.28,
12/9/2010,6964.16,5807.96,1233.00,
12/10/2010,7006.17,5812.95,1240.40,
12/13/2010,7029.39,5860.75,1240.46,
12/14/2010,7027.40,5891.21,1241.59,
12/15/2010,7016.37,5882.18,1235.23,
12/16/2010,7024.40,5881.12,1242.87,
12/17/2010,6982.45,5871.75,1243.91,
12/20/2010,7018.60,5891.61,1247.08,
12/21/2010,7077.99,5951.80,1254.60,
12/22/2010,7067.92,5983.49,1258.84,
12/23/2010,7057.69,5996.07,1256.77,
12/24/2010,7057.69,6008.92,1256.77,
12/27/2010,6970.73,6008.92,1257.54,
12/28/2010,6972.10,6008.92,1258.51,
12/29/2010,6995.47,5996.36,1259.78,
12/30/2010,6914.19,5971.01,1257.88,
12/31/2010,6914.19,5899.94,1257.64,
1/3/2011,6989.74,5899.94,1271.87,
1/4/2011,6975.35,6013.87,1270.20,
1/5/2011,6939.82,6043.86,1276.56,
1/6/2011,6981.39,6019.51,1273.85,
1/7/2011,6947.84,5984.33,1271.50,
1/10/2011,6857.06,5956.30,1269.75,
1/11/2011,6941.57,6014.03,1274.48,
1/12/2011,7068.78,6050.72,1285.96,
1/13/2011,7075.11,6023.88,1283.76,
1/14/2011,7075.70,6002.07,1293.24,
1/17/2011,7078.06,5985.70,1293.24,
1/18/2011,7143.45,6056.43,1295.02,
1/19/2011,7082.76,5976.70,1281.92,
1/20/2011,7024.27,5867.91,1280.26,
1/21/2011,7062.42,5896.25,1283.35,
1/24/2011,7067.77,5943.85,1290.84,
1/25/2011,7059.01,5917.71,1291.18,
1/26/2011,7127.35,5969.21,1296.63,
1/27/2011,7155.58,5965.08,1299.54,
1/28/2011,7102.80,5881.37,1276.34,
1/31/2011,7077.48,5862.94,1286.12,
2/1/2011,7184.27,5957.82,1307.59,
2/2/2011,7183.67,6000.07,1304.03,
2/3/2011,7193.68,5983.34,1307.10,
2/4/2011,7216.21,5997.38,1310.87,
2/7/2011,7283.62,6051.03,1319.05,
2/8/2011,7323.24,6091.33,1324.57,
2/9/2011,7320.90,6052.29,1320.88,
2/10/2011,7340.28,6020.01,1321.87,
2/11/2011,7371.20,6062.90,1329.15,
2/14/2011,7396.63,6060.09,1332.32,
2/15/2011,7400.04,6037.08,1328.01,
2/16/2011,7414.30,6085.27,1336.32,
2/17/2011,7405.51,6087.38,1340.43,
2/18/2011,7426.81,6082.99,1343.01,
2/21/2011,7321.81,6014.80,1343.01,
2/22/2011,7318.35,5996.76,1315.44,
2/23/2011,7194.60,5923.53,1307.40,
2/24/2011,7130.50,5919.98,1306.10,
2/25/2011,7185.17,6001.20,1319.88,
2/28/2011,7272.32,5994.01,1327.22,
3/1/2011,7223.30,5935.76,1306.33,
3/2/2011,7181.12,5914.89,1308.44,
3/3/2011,7225.96,6005.09,1330.97,
3/4/2011,7178.90,5990.39,1321.15,
3/7/2011,7161.93,5973.78,1310.13,
3/8/2011,7164.75,5974.76,1321.82,
3/9/2011,7131.80,5937.30,1320.02,
3/10/2011,7063.09,5845.29,1295.11,
3/11/2011,6981.49,5828.67,1304.28,
3/14/2011,6866.63,5775.24,1296.39,
3/15/2011,6647.66,5695.28,1281.87,
3/16/2011,6513.84,5598.23,1256.88,
3/17/2011,6656.88,5696.11,1273.72,
3/18/2011,6664.40,5718.13,1279.20,
3/21/2011,6816.12,5786.09,1298.38,
3/22/2011,6780.97,5762.71,1293.77,
3/23/2011,6804.45,5795.88,1297.54,
3/24/2011,6933.58,5880.87,1309.66,
3/25/2011,6946.36,5900.76,1313.80,
3/28/2011,6938.63,5904.49,1310.19,
3/29/2011,6934.44,5932.17,1319.44,
3/30/2011,7057.15,5948.30,1328.26,
3/31/2011,7041.31,5908.76,1325.83,
4/1/2011,7179.81,6009.92,1332.41,
4/4/2011,7175.33,6016.98,1332.87,
4/5/2011,7175.31,6007.06,1332.63,
4/6/2011,7215.11,6041.13,1335.54,
4/7/2011,7178.78,6007.37,1333.51,
4/8/2011,7217.02,6055.75,1328.17,
4/11/2011,7204.86,6053.44,1324.46,
4/12/2011,7102.91,5964.47,1314.16,
4/13/2011,7177.97,6010.44,1314.41,
4/14/2011,7146.56,5963.80,1314.52,
4/15/2011,7178.29,5996.01,1319.68,
4/18/2011,7026.85,5870.08,1305.14,
4/19/2011,7039.31,5896.87,1312.62,
4/20/2011,7249.19,6022.26,1330.36,
4/21/2011,7295.49,6018.30,1337.38,
4/22/2011,7295.49,6018.30,1337.38,
4/25/2011,7295.49,6018.30,1335.25,
4/26/2011,7356.51,6069.36,1347.24,
4/27/2011,7404.95,6068.16,1355.66,
4/28/2011,7475.22,6069.90,1360.48,
4/29/2011,7514.46,6069.90,1363.61,
5/2/2011,7527.64,6069.90,1361.22,
5/3/2011,7500.70,6082.88,1356.62,
5/4/2011,7373.93,5984.07,1347.32,
5/5/2011,7376.96,5919.98,1335.10,
5/6/2011,7492.25,5976.77,1340.20,
5/9/2011,7410.52,5942.69,1346.29,
5/10/2011,7501.52,6018.89,1357.16,
5/11/2011,7495.05,5976.00,1342.08,
5/12/2011,7443.95,5944.96,1348.65,
5/13/2011,7403.31,5925.87,1337.77,
5/16/2011,7387.54,5923.69,1329.47,
5/17/2011,7256.65,5861.00,1328.98,
5/18/2011,7303.53,5923.49,1340.68,
5/19/2011,7358.23,5955.99,1343.60,
5/20/2011,7266.82,5948.49,1333.27,
5/23/2011,7121.52,5835.89,1317.37,
5/24/2011,7150.66,5858.41,1316.28,
5/25/2011,7170.94,5870.14,1320.47,
5/26/2011,7114.09,5880.99,1325.69,
5/27/2011,7163.47,5938.87,1331.10,
5/30/2011,7160.30,5938.87,1331.10,
5/31/2011,7293.69,5989.99,1345.20,
6/1/2011,7217.43,5928.61,1314.55,
6/2/2011,7074.12,5847.92,1312.94,
6/3/2011,7109.03,5855.01,1300.16,
6/6/2011,7084.57,5863.16,1286.17,
6/7/2011,7103.25,5864.65,1284.94,
6/8/2011,7060.23,5808.89,1279.56,
6/9/2011,7159.66,5856.34,1289.00,
6/10/2011,7069.90,5765.80,1270.98,
6/13/2011,7085.14,5773.46,1271.83,
6/14/2011,7204.79,5803.13,1287.87,
6/15/2011,7115.08,5742.55,1265.42,
6/16/2011,7110.20,5698.81,1267.64,
6/17/2011,7164.05,5714.94,1271.50,
6/20/2011,7150.21,5693.39,1278.36,
6/21/2011,7285.51,5775.31,1295.52,
6/22/2011,7278.19,5772.99,1287.14,
6/23/2011,7149.44,5674.38,1283.50,
6/24/2011,7121.38,5697.72,1268.45,
6/27/2011,7107.90,5722.34,1280.10,
6/28/2011,7170.43,5766.88,1296.67,
6/29/2011,7294.14,5855.95,1307.41,
6/30/2011,7376.24,5945.71,1320.64,
7/1/2011,7419.44,5989.76,1339.67,
7/4/2011,7442.96,6017.54,1339.67,
7/5/2011,7439.44,6024.03,1337.88,
7/6/2011,7431.19,6002.92,1339.22,
7/7/2011,7471.44,6054.55,1353.22,
7/8/2011,7402.73,5990.58,1343.80,
7/11/2011,7230.25,5929.16,1319.49,
7/12/2011,7174.14,5868.96,1313.64,
7/13/2011,7267.87,5906.43,1317.72,
7/14/2011,7214.74,5846.95,1308.87,
7/15/2011,7220.12,5843.66,1316.14,
7/18/2011,7107.92,5752.81,1305.44,
7/19/2011,7192.67,5789.99,1326.73,
7/20/2011,7221.36,5853.82,1325.84,
7/21/2011,7290.14,5899.89,1343.80,
7/22/2011,7326.39,5935.02,1345.02,
7/25/2011,7344.54,5925.26,1337.43,
7/26/2011,7349.45,5929.73,1331.94,
7/27/2011,7252.68,5856.58,1304.89,
7/28/2011,7190.06,5873.21,1300.67,
7/29/2011,7158.77,5815.19,1292.28,
8/1/2011,6953.98,5774.43,1286.94,
8/2/2011,6796.75,5718.39,1254.05,
8/3/2011,6640.59,5584.51,1260.34,
8/4/2011,6414.76,5393.14,1200.07,
8/5/2011,6236.16,5246.99,1199.38,
8/8/2011,5923.27,5068.95,1119.46,
8/9/2011,5917.08,5164.92,1172.53,
8/10/2011,5613.42,5007.16,1120.76,
8/11/2011,5797.66,5162.83,1172.64,
8/12/2011,5997.74,5320.03,1178.81,
8/15/2011,6022.24,5350.58,1204.49,
8/16/2011,5994.90,5357.63,1192.76,
8/17/2011,5948.94,5331.60,1193.89,
8/18/2011,5602.80,5092.23,1140.65,
8/19/2011,5480.00,5040.76,1123.53,
8/22/2011,5473.78,5095.30,1123.82,
8/23/2011,5532.38,5129.42,1162.35,
8/24/2011,5681.08,5205.85,1177.60,
8/25/2011,5584.14,5131.10,1159.27,
8/26/2011,5537.48,5129.92,1176.80,
8/29/2011,5670.07,5129.92,1210.08,
8/30/2011,5643.92,5268.66,1212.92,
8/31/2011,5784.85,5394.53,1218.89,
9/1/2011,5730.63,5418.65,1204.42,
9/2/2011,5538.33,5292.03,1173.97,
9/5/2011,5246.18,5102.58,1173.97,
9/6/2011,5193.97,5156.84,1165.24,
9/7/2011,5405.53,5318.59,1198.62,
9/8/2011,5408.46,5340.38,1185.90,
9/9/2011,5189.93,5214.65,1154.23,
9/12/2011,5072.33,5129.62,1162.27,
9/13/2011,5166.36,5174.25,1172.87,
9/14/2011,5340.19,5227.02,1188.68,
9/15/2011,5508.24,5337.54,1209.11,
9/16/2011,5573.51,5368.41,1216.01,
9/19/2011,5415.91,5259.56,1204.09,
9/20/2011,5571.68,5363.71,1202.09,
9/21/2011,5433.80,5288.41,1166.76,
9/22/2011,5164.21,5041.61,1129.56,
9/23/2011,5196.56,5066.81,1136.43,
9/26/2011,5345.56,5089.37,1162.95,
9/27/2011,5628.44,5294.05,1175.38,
9/28/2011,5578.42,5217.63,1151.06,
9/29/2011,5639.58,5196.84,1160.40,
9/30/2011,5502.02,5128.48,1131.42,
10/3/2011,5376.70,5075.50,1099.23,
10/4/2011,5216.71,4944.44,1123.95,
10/5/2011,5473.03,5102.17,1144.03,
10/6/2011,5645.25,5291.26,1164.97,
10/7/2011,5675.70,5303.40,1155.46,
10/10/2011,5847.29,5399.00,1194.89,
10/11/2011,5865.01,5395.70,1195.54,
10/12/2011,5994.47,5441.80,1207.25,
10/13/2011,5914.84,5403.38,1203.66,
10/14/2011,5967.20,5466.36,1224.58,
10/17/2011,5859.43,5436.70,1200.86,
10/18/2011,5877.41,5410.35,1225.38,
10/19/2011,5913.53,5450.49,1209.88,
10/20/2011,5766.48,5384.68,1215.39,
10/21/2011,5970.96,5488.65,1238.25,
10/24/2011,6055.27,5548.06,1254.19,
10/25/2011,6046.75,5525.54,1229.05,
10/26/2011,6016.07,5553.24,1242.00,
10/27/2011,6337.84,5713.82,1284.59,
10/28/2011,6346.19,5702.24,1285.09,
10/31/2011,6141.34,5544.22,1253.30,
11/1/2011,5834.51,5421.57,1218.28,
11/2/2011,5965.63,5484.10,1237.90,
11/3/2011,6133.18,5545.64,1261.15,
11/4/2011,5966.16,5527.16,1253.23,
11/7/2011,5928.68,5510.82,1261.12,
11/8/2011,5961.44,5567.34,1275.92,
11/9/2011,5829.54,5460.38,1229.10,
11/10/2011,5867.81,5444.82,1239.69,
11/11/2011,6057.03,5545.38,1263.85,
11/14/2011,5985.02,5519.04,1251.78,
11/15/2011,5933.14,5517.44,1257.81,
11/16/2011,5913.36,5509.02,1236.91,
11/17/2011,5850.17,5423.14,1216.13,
11/18/2011,5800.24,5362.94,1215.65,
11/21/2011,5606.00,5222.60,1192.98,
11/22/2011,5537.39,5206.82,1188.04,
11/23/2011,5457.77,5139.78,1161.79,
11/24/2011,5428.11,5127.57,1161.79,
11/25/2011,5492.87,5164.65,1158.67,
11/28/2011,5745.33,5312.76,1192.55,
11/29/2011,5799.91,5337.00,1195.19,
11/30/2011,6088.84,5505.42,1246.96,
12/1/2011,6035.88,5489.34,1244.58,
12/2/2011,6080.68,5552.29,1244.28,
12/5/2011,6106.09,5567.96,1257.08,
12/6/2011,6028.82,5568.72,1258.47,
12/7/2011,5994.73,5546.91,1261.01,
12/8/2011,5874.44,5483.77,1234.35,
12/9/2011,5986.71,5529.21,1255.19,
12/12/2011,5785.43,5427.86,1236.47,
12/13/2011,5774.26,5490.15,1225.73,
12/14/2011,5675.14,5366.80,1211.82,
12/15/2011,5730.62,5400.85,1215.75,
12/16/2011,5701.78,5387.34,1219.66,
12/19/2011,5670.71,5364.99,1205.35,
12/20/2011,5847.03,5419.60,1241.30,
12/21/2011,5791.53,5389.74,1243.72,
12/22/2011,5852.18,5456.97,1254.00,
12/23/2011,5878.93,5512.70,1265.33,
12/26/2011,5878.93,5512.70,1265.33,
12/27/2011,5889.76,5512.70,1265.43,
12/28/2011,5771.27,5507.40,1249.64,
12/29/2011,5848.78,5566.77,1263.02,
12/30/2011,5898.35,5572.28,1257.60,
1/2/2012,6075.52,5572.28,1257.60,
1/3/2012,6166.57,5699.91,1277.06,
1/4/2012,6111.55,5668.45,1277.30,
1/5/2012,6095.99,5624.26,1281.06,
1/6/2012,6057.92,5649.68,1277.81,
1/9/2012,6017.23,5612.26,1280.70,
1/10/2012,6162.98,5696.70,1292.08,
1/11/2012,6152.34,5670.82,1292.48,
1/12/2012,6179.21,5662.42,1295.50,
1/13/2012,6143.08,5636.64,1289.09,
1/16/2012,6220.01,5657.44,1289.09,
1/17/2012,6332.93,5693.95,1293.67,
1/18/2012,6354.57,5702.37,1308.04,
1/19/2012,6416.26,5741.15,1314.50,
1/20/2012,6404.39,5728.55,1315.38,
1/23/2012,6436.62,5782.56,1316.00,
1/24/2012,6419.22,5751.90,1314.65,
1/25/2012,6421.85,5723.00,1326.05,
1/26/2012,6539.85,5795.20,1318.43,
1/27/2012,6511.98,5733.45,1316.33,
1/30/2012,6444.45,5671.09,1313.01,
1/31/2012,6458.91,5681.61,1312.41,
2/1/2012,6616.64,5790.72,1324.09,
2/2/2012,6655.63,5796.07,1325.54,
2/3/2012,6766.67,5901.07,1344.90,
2/6/2012,6764.83,5892.20,1344.33,
2/7/2012,6754.20,5890.26,1347.05,
2/8/2012,6748.76,5875.93,1349.96,
2/9/2012,6788.80,5895.47,1351.95,
2/10/2012,6692.96,5852.39,1342.64,
2/13/2012,6738.47,5905.70,1351.77,
2/14/2012,6728.19,5899.87,1350.50,
2/15/2012,6757.94,5892.16,1343.23,
2/16/2012,6751.96,5885.38,1358.04,
2/17/2012,6848.03,5905.07,1361.23,
2/20/2012,6948.25,5945.25,1361.23,
2/21/2012,6908.18,5928.20,1362.21,
2/22/2012,6843.87,5916.55,1357.66,
2/23/2012,6809.46,5937.89,1363.46,
2/24/2012,6864.43,5935.13,1365.74,
2/27/2012,6849.60,5915.55,1367.59,
2/28/2012,6887.63,5927.91,1372.18,
2/29/2012,6856.08,5871.51,1365.68,
3/1/2012,6941.77,5931.25,1374.09,
3/2/2012,6921.37,5911.13,1369.63,
3/5/2012,6866.46,5874.82,1364.33,
3/6/2012,6633.11,5765.80,1343.36,
3/7/2012,6671.11,5791.41,1352.63,
3/8/2012,6834.54,5859.73,1365.91,
3/9/2012,6880.21,5887.49,1370.87,
3/12/2012,6901.35,5892.75,1371.09,
3/13/2012,6995.91,5955.91,1395.95,
3/14/2012,7079.42,5945.43,1394.28,
3/15/2012,7144.45,5940.72,1402.60,
3/16/2012,7157.82,5965.58,1404.17,
3/19/2012,7154.22,5961.11,1409.75,
3/20/2012,7054.94,5891.41,1405.52,
3/21/2012,7071.32,5891.95,1402.89,
3/22/2012,6981.26,5845.65,1392.78,
3/23/2012,6995.62,5854.89,1397.11,
3/26/2012,7079.23,5902.70,1416.51,
3/27/2012,7078.90,5869.55,1412.52,
3/28/2012,6998.80,5808.99,1405.54,
3/29/2012,6875.15,5742.03,1403.28,
3/30/2012,6946.83,5768.45,1408.47,
4/2/2012,7056.65,5874.89,1419.04,
4/3/2012,6982.28,5838.34,1413.38,
4/4/2012,6784.06,5703.77,1398.96,
4/5/2012,6775.26,5723.67,1398.08,
4/6/2012,6775.26,5723.67,1398.08,
4/9/2012,6775.26,5723.67,1382.20,
4/10/2012,6606.43,5595.55,1358.59,
4/11/2012,6674.73,5634.74,1368.71,
4/12/2012,6743.24,5710.46,1387.57,
4/13/2012,6583.90,5651.79,1370.26,
4/16/2012,6625.19,5666.28,1369.57,
4/17/2012,6801.00,5766.95,1390.78,
4/18/2012,6732.03,5745.29,1385.14,
4/19/2012,6671.22,5744.55,1376.92,
4/20/2012,6750.12,5772.15,1378.53,
4/23/2012,6523.00,5665.57,1366.94,
4/24/2012,6590.41,5709.49,1371.97,
4/25/2012,6704.50,5718.89,1390.69,
4/26/2012,6739.90,5748.72,1399.98,
4/27/2012,6801.32,5777.11,1403.36,
4/30/2012,6761.19,5737.78,1397.91,
5/1/2012,6761.19,5812.23,1405.82,
5/2/2012,6710.77,5758.11,1402.31,
5/3/2012,6694.44,5766.55,1391.57,
5/4/2012,6561.47,5655.06,1369.10,
5/7/2012,6569.48,5655.06,1369.58,
5/8/2012,6444.74,5554.55,1363.72,
5/9/2012,6475.31,5530.05,1354.58,
5/10/2012,6518.00,5543.95,1357.99,
5/11/2012,6579.93,5575.52,1353.39,
5/14/2012,6451.97,5465.52,1338.35,
5/15/2012,6401.06,5437.62,1330.66,
5/16/2012,6384.26,5405.25,1324.80,
5/17/2012,6308.96,5338.38,1304.86,
5/18/2012,6271.22,5267.62,1295.22,
5/21/2012,6331.04,5304.48,1315.99,
5/22/2012,6435.60,5403.28,1316.63,
5/23/2012,6285.75,5266.41,1318.86,
5/24/2012,6315.89,5350.05,1320.68,
5/25/2012,6339.94,5351.53,1317.82,
5/28/2012,6323.19,5356.34,1317.82,
5/29/2012,6396.84,5391.14,1332.42,
5/30/2012,6280.80,5297.28,1313.32,
5/31/2012,6264.38,5320.86,1310.33,
6/1/2012,6050.29,5260.19,1278.04,
6/4/2012,5978.23,5260.19,1278.18,
6/5/2012,5969.40,5260.19,1285.50,
6/6/2012,6093.99,5384.11,1315.13,
6/7/2012,6144.22,5447.79,1314.99,
6/8/2012,6130.82,5435.08,1325.66,
6/11/2012,6141.05,5432.37,1308.93,
6/12/2012,6161.24,5473.74,1324.18,
6/13/2012,6152.49,5483.81,1314.88,
6/14/2012,6138.61,5467.05,1329.10,
6/15/2012,6229.41,5478.81,1342.84,
6/18/2012,6248.20,5491.09,1344.78,
6/19/2012,6363.36,5586.31,1357.98,
6/20/2012,6392.13,5622.29,1355.69,
6/21/2012,6343.13,5566.36,1325.51,
6/22/2012,6263.25,5513.69,1335.02,
6/25/2012,6132.39,5450.65,1313.72,
6/26/2012,6136.69,5446.96,1319.99,
6/27/2012,6228.99,5523.92,1331.85,
6/28/2012,6149.91,5493.06,1329.04,
6/29/2012,6416.28,5571.15,1362.16,
7/2/2012,6496.08,5640.64,1365.51,
7/3/2012,6578.21,5687.73,1374.02,
7/4/2012,6564.80,5684.47,1374.02,
7/5/2012,6535.56,5692.63,1367.58,
7/6/2012,6410.11,5662.63,1354.68,
7/9/2012,6387.57,5627.33,1352.46,
7/10/2012,6438.33,5664.07,1341.47,
7/11/2012,6453.85,5664.48,1341.45,
7/12/2012,6419.35,5608.25,1334.76,
7/13/2012,6557.10,5666.13,1356.78,
7/16/2012,6565.72,5662.43,1353.64,
7/17/2012,6577.64,5629.09,1363.67,
7/18/2012,6684.42,5685.77,1372.78,
7/19/2012,6758.39,5714.19,1376.51,
7/20/2012,6630.02,5651.77,1362.66,
7/23/2012,6419.33,5533.87,1350.52,
7/24/2012,6390.41,5499.23,1338.31,
7/25/2012,6406.52,5498.32,1337.89,
7/26/2012,6582.96,5573.16,1360.02,
7/27/2012,6689.40,5627.21,1385.97,
7/30/2012,6774.06,5693.63,1385.30,
7/31/2012,6772.26,5635.28,1379.32,
8/1/2012,6754.46,5712.82,1375.14,
8/2/2012,6606.09,5662.30,1365.00,
8/3/2012,6865.66,5787.28,1390.99,
8/6/2012,6918.72,5808.77,1394.23,
8/7/2012,6967.95,5841.24,1401.35,
8/8/2012,6966.15,5845.92,1402.22,
8/9/2012,6964.99,5851.51,1402.80,
8/10/2012,6944.56,5847.11,1405.87,
8/13/2012,6909.68,5831.88,1404.11,
8/14/2012,6974.39,5864.78,1403.93,
8/15/2012,6946.80,5833.04,1405.53,
8/16/2012,6996.29,5834.51,1415.51,
8/17/2012,7040.88,5852.42,1418.16,
8/20/2012,7033.68,5824.37,1418.13,
8/21/2012,7089.32,5857.52,1413.17,
8/22/2012,7017.75,5774.20,1413.49,
8/23/2012,6949.57,5776.60,1402.08,
8/24/2012,6971.07,5776.60,1411.13,
8/27/2012,7047.45,5776.60,1410.44,
8/28/2012,7002.68,5775.71,1409.30,
8/29/2012,7010.57,5743.53,1410.49,
8/30/2012,6895.49,5719.45,1399.48,
8/31/2012,6970.79,5711.48,1406.58,
9/3/2012,7014.83,5758.41,1406.58,
9/4/2012,6932.58,5672.01,1404.94,
9/5/2012,6964.69,5657.86,1403.44,
9/6/2012,7167.33,5777.34,1432.12,
9/7/2012,7214.50,5794.80,1437.92,
9/10/2012,7213.70,5793.20,1429.08,
9/11/2012,7310.11,5792.19,1433.56,
9/12/2012,7343.53,5782.08,1436.56,
9/13/2012,7310.32,5819.92,1459.99,
9/14/2012,7412.13,5915.55,1465.77,
9/17/2012,7403.69,5893.52,1461.19,
9/18/2012,7347.69,5868.16,1459.32,
9/19/2012,7390.76,5888.48,1461.05,
9/20/2012,7389.49,5854.64,1460.26,
9/21/2012,7451.62,5852.62,1460.15,
9/24/2012,7413.16,5838.84,1456.89,
9/25/2012,7425.11,5859.71,1441.59,
9/26/2012,7276.51,5768.09,1433.32,
9/27/2012,7290.02,5779.42,1447.15,
9/28/2012,7216.15,5742.07,1440.67,
10/1/2012,7326.73,5820.45,1444.49,
10/2/2012,7305.86,5809.45,1445.75,
10/3/2012,7322.08,5825.81,1450.99,
10/4/2012,7305.21,5827.78,1461.40,
10/5/2012,7397.87,5871.02,1460.93,
10/8/2012,7291.21,5841.74,1455.88,
10/9/2012,7234.53,5810.25,1441.48,
10/10/2012,7205.23,5776.71,1432.56,
10/11/2012,7281.70,5829.75,1432.84,
10/12/2012,7232.49,5793.32,1428.59,
10/15/2012,7261.25,5805.61,1440.13,
10/16/2012,7376.27,5870.54,1454.92,
10/17/2012,7394.55,5910.91,1460.91,
10/18/2012,7437.23,5917.05,1457.34,
10/19/2012,7380.64,5896.15,1433.19,
10/22/2012,7328.05,5882.91,1433.82,
10/23/2012,7173.69,5797.91,1413.11,
10/24/2012,7192.85,5804.78,1408.75,
10/25/2012,7200.23,5805.05,1412.97,
10/26/2012,7231.85,5806.71,1411.94,
10/29/2012,7203.16,5795.10,1411.94,
10/30/2012,7284.40,5849.90,1411.94,
10/31/2012,7260.63,5782.70,1412.16,
11/1/2012,7335.67,5861.92,1427.59,
11/2/2012,7363.85,5868.55,1414.20,
11/5/2012,7326.47,5839.06,1417.26,
11/6/2012,7377.76,5884.90,1428.39,
11/7/2012,7232.83,5791.63,1394.53,
11/8/2012,7204.96,5776.05,1377.51,
11/9/2012,7163.50,5769.68,1379.85,
11/12/2012,7168.76,5767.27,1380.03,
11/13/2012,7169.12,5786.25,1374.53,
11/14/2012,7101.92,5722.01,1355.49,
11/15/2012,7043.42,5677.75,1353.33,
11/16/2012,6950.53,5605.59,1359.88,
11/19/2012,7123.84,5737.66,1386.89,
11/20/2012,7172.99,5748.10,1387.81,
11/21/2012,7184.71,5752.03,1391.03,
11/22/2012,7244.99,5791.03,1391.03,
11/23/2012,7309.13,5819.14,1409.15,
11/26/2012,7292.03,5786.72,1406.29,
11/27/2012,7332.33,5799.71,1398.94,
11/28/2012,7343.41,5803.28,1409.93,
11/29/2012,7400.96,5870.30,1415.95,
11/30/2012,7405.50,5866.82,1416.18,
12/3/2012,7435.21,5871.24,1409.46,
12/4/2012,7435.12,5869.04,1407.05,
12/5/2012,7454.55,5892.08,1409.28,
12/6/2012,7534.54,5901.42,1413.94,
12/7/2012,7517.80,5914.40,1418.07,
12/10/2012,7530.92,5921.63,1418.55,
12/11/2012,7589.75,5924.97,1427.84,
12/12/2012,7614.79,5945.85,1428.48,
12/13/2012,7581.98,5929.61,1419.45,
12/14/2012,7596.47,5921.76,1413.58,
12/17/2012,7604.94,5912.15,1430.36,
12/18/2012,7653.58,5935.90,1446.79,
12/19/2012,7668.50,5961.59,1435.81,
12/20/2012,7672.10,5958.34,1443.69,
12/21/2012,7636.23,5939.99,1430.15,
12/24/2012,7636.23,5954.18,1426.66,
12/25/2012,7636.23,5954.18,1426.66,
12/26/2012,7636.23,5954.18,1419.83,
12/27/2012,7655.88,5954.30,1418.10,
12/28/2012,7612.39,5925.37,1402.43,
12/31/2012,7612.39,5897.81,1426.19,
1/1/2013,7612.39,5897.81,1426.19,
1/2/2013,7778.78,6027.37,1462.42,
1/3/2013,7756.44,6047.34,1459.37,
1/4/2013,7776.37,6089.84,1466.47,
1/7/2013,7732.66,6064.58,1461.89,
1/8/2013,7695.83,6053.63,1457.15,
1/9/2013,7720.47,6098.65,1461.02,
1/10/2013,7708.47,6101.51,1472.12,
1/11/2013,7715.53,6121.58,1472.05,
1/14/2013,7729.52,6107.86,1470.68,
1/15/2013,7675.91,6117.31,1472.34,
1/16/2013,7691.13,6103.98,1472.63,
1/17/2013,7735.46,6132.36,1480.94,
1/18/2013,7702.23,6154.41,1485.98,
1/21/2013,7748.86,6180.98,1485.98,
1/22/2013,7696.21,6179.17,1492.56,
1/23/2013,7707.54,6197.64,1494.81,
1/24/2013,7748.13,6264.91,1494.82,
1/25/2013,7857.97,6284.45,1502.96,
1/28/2013,7833.00,6294.41,1500.18,
1/29/2013,7848.57,6339.19,1507.84,
1/30/2013,7811.31,6323.11,1501.96,
1/31/2013,7776.05,6276.88,1498.11,
2/1/2013,7833.39,6347.24,1513.17,
2/4/2013,7638.23,6246.84,1495.71,
2/5/2013,7664.66,6282.76,1511.29,
2/6/2013,7581.18,6295.34,1512.12,
2/7/2013,7590.85,6228.42,1509.39,
2/8/2013,7652.14,6263.93,1517.93,
2/11/2013,7633.74,6277.06,1517.01,
2/12/2013,7660.19,6338.38,1519.43,
2/13/2013,7711.89,6359.11,1520.33,
2/14/2013,7631.19,6327.36,1521.38,
2/15/2013,7593.51,6328.26,1519.79,
2/18/2013,7628.73,6318.19,1519.79,
2/19/2013,7752.45,6379.07,1530.94,
2/20/2013,7728.90,6395.37,1511.95,
2/21/2013,7583.57,6291.54,1502.42,
2/22/2013,7661.91,6335.70,1515.60,
2/25/2013,7773.19,6355.37,1487.85,
2/26/2013,7597.11,6270.44,1496.94,
2/27/2013,7675.83,6325.88,1515.99,
2/28/2013,7741.70,6360.81,1514.68,
3/1/2013,7708.16,6378.60,1518.20,
3/4/2013,7691.68,6345.63,1525.20,
3/5/2013,7870.31,6431.95,1539.79,
3/6/2013,7919.33,6427.64,1541.46,
3/7/2013,7939.77,6439.16,1544.26,
3/8/2013,7986.47,6483.58,1551.18,
3/11/2013,7984.29,6503.63,1556.22,
3/12/2013,7966.12,6510.62,1552.48,
3/13/2013,7970.91,6481.50,1554.52,
3/14/2013,8058.37,6529.41,1563.23,
3/15/2013,8042.85,6489.65,1560.70,
3/18/2013,8010.70,6457.92,1552.10,
3/19/2013,7947.79,6441.32,1548.34,
3/20/2013,8001.97,6432.70,1558.71,
3/21/2013,7932.51,6388.55,1545.80,
3/22/2013,7911.35,6392.76,1556.89,
3/25/2013,7870.90,6378.38,1551.69,
3/26/2013,7879.67,6399.37,1563.77,
3/27/2013,7789.09,6387.56,1562.85,
3/28/2013,7795.31,6411.74,1569.19,
3/29/2013,7795.31,6411.74,1569.19,
4/1/2013,7795.31,6411.74,1562.17,
4/2/2013,7943.87,6490.66,1570.25,
4/3/2013,7874.75,6420.28,1553.69,
4/4/2013,7817.39,6344.12,1559.98,
4/5/2013,7658.75,6249.78,1553.28,
4/8/2013,7662.64,6276.94,1563.07,
4/9/2013,7637.51,6313.21,1568.61,
4/10/2013,7810.63,6387.37,1587.73,
4/11/2013,7871.63,6416.14,1593.37,
4/12/2013,7744.77,6384.39,1588.85,
4/15/2013,7712.63,6343.60,1552.36,
4/16/2013,7682.58,6304.58,1574.57,
4/17/2013,7503.03,6244.21,1552.01,
4/18/2013,7473.73,6243.67,1541.61,
4/19/2013,7459.96,6286.59,1555.25,
4/22/2013,7478.11,6280.62,1562.50,
4/23/2013,7658.21,6406.12,1578.78,
4/24/2013,7759.03,6431.76,1578.79,
4/25/2013,7832.86,6442.59,1585.16,
4/26/2013,7814.76,6426.42,1582.24,
4/29/2013,7873.50,6458.02,1593.61,
4/30/2013,7913.71,6430.12,1597.57,
5/1/2013,7913.71,6451.29,1582.70,
5/2/2013,7961.71,6460.71,1597.59,
5/3/2013,8122.29,6521.46,1614.42,
5/6/2013,8112.08,6521.46,1617.50,
5/7/2013,8181.78,6557.30,1625.96,
5/8/2013,8249.71,6583.48,1632.69,
5/9/2013,8262.55,6592.74,1626.67,
5/10/2013,8278.59,6624.98,1633.70,
5/13/2013,8279.29,6631.76,1633.77,
5/14/2013,8339.11,6686.06,1650.34,
5/15/2013,8362.42,6693.55,1658.78,
5/16/2013,8369.87,6687.80,1650.47,
5/17/2013,8398.00,6723.06,1667.47,
5/20/2013,8455.83,6755.63,1666.29,
5/21/2013,8472.20,6803.87,1669.16,
5/22/2013,8530.89,6840.27,1655.35,
5/23/2013,8351.98,6696.79,1650.51,
5/24/2013,8305.32,6654.34,1649.60,
5/27/2013,8383.30,6654.34,1649.60,
5/28/2013,8480.87,6762.01,1660.06,
5/29/2013,8336.58,6627.17,1648.36,
5/30/2013,8400.20,6656.99,1654.41,
5/31/2013,8348.84,6583.09,1630.74,
6/3/2013,8285.80,6525.12,1640.42,
6/4/2013,8295.96,6558.58,1631.38,
6/5/2013,8196.18,6419.31,1608.90,
6/6/2013,8098.81,6336.11,1622.56,
6/7/2013,8254.68,6411.99,1643.38,
6/10/2013,8307.69,6400.45,1642.81,
6/11/2013,8222.46,6340.08,1626.13,
6/12/2013,8143.27,6299.45,1612.52,
6/13/2013,8095.39,6304.63,1636.36,
6/14/2013,8127.96,6308.26,1626.73,
6/17/2013,8215.73,6330.49,1639.04,
6/18/2013,8229.51,6374.21,1651.81,
6/19/2013,8197.08,6348.82,1628.93,
6/20/2013,7928.48,6159.51,1588.19,
6/21/2013,7789.24,6116.17,1592.43,
6/24/2013,7692.45,6029.10,1573.09,
6/25/2013,7811.30,6101.91,1588.03,
6/26/2013,7940.99,6165.48,1603.26,
6/27/2013,7990.75,6243.40,1613.20,
6/28/2013,7959.22,6215.47,1606.28,
7/1/2013,7983.92,6307.78,1614.96,
7/2/2013,7910.77,6303.94,1614.08,
7/3/2013,7829.32,6229.87,1615.41,
7/4/2013,7994.31,6421.67,1615.41,
7/5/2013,7806.00,6375.52,1631.89,
7/8/2013,7968.54,6450.07,1640.46,
7/9/2013,8057.75,6513.08,1652.32,
7/10/2013,8066.48,6504.96,1652.62,
7/11/2013,8158.80,6543.41,1675.02,
7/12/2013,8212.77,6544.94,1680.19,
7/15/2013,8234.81,6586.11,1682.50,
7/16/2013,8201.05,6556.35,1676.26,
7/17/2013,8254.72,6571.93,1680.91,
7/18/2013,8337.09,6634.36,1689.37,
7/19/2013,8331.57,6630.67,1692.09,
7/22/2013,8331.06,6623.17,1695.53,
7/23/2013,8314.23,6597.44,1692.39,
7/24/2013,8379.11,6620.43,1685.94,
7/25/2013,8298.98,6587.95,1690.25,
7/26/2013,8244.91,6554.79,1691.65,
7/29/2013,8259.03,6560.25,1685.33,
7/30/2013,8271.02,6570.95,1685.96,
7/31/2013,8275.97,6621.06,1685.73,
8/1/2013,8410.73,6681.98,1706.87,
8/2/2013,8406.94,6647.87,1709.67,
8/5/2013,8398.38,6619.58,1707.14,
8/6/2013,8299.73,6604.21,1697.37,
8/7/2013,8260.48,6511.21,1690.91,
8/8/2013,8318.32,6529.68,1697.48,
8/9/2013,8338.31,6583.39,1691.42,
8/12/2013,8359.25,6574.34,1689.47,
8/13/2013,8415.76,6611.94,1694.16,
8/14/2013,8438.12,6587.43,1685.39,
8/15/2013,8376.29,6483.34,1661.32,
8/16/2013,8391.94,6499.99,1655.83,
8/19/2013,8366.29,6465.73,1646.06,
8/20/2013,8300.03,6453.46,1652.35,
8/21/2013,8285.41,6390.84,1642.80,
8/22/2013,8397.89,6446.87,1656.96,
8/23/2013,8416.99,6492.10,1663.50,
8/26/2013,8435.15,6492.10,1656.78,
8/27/2013,8242.56,6440.97,1630.48,
8/28/2013,8157.90,6430.06,1634.96,
8/29/2013,8194.55,6483.05,1638.17,
8/30/2013,8103.15,6412.93,1632.97,
9/2/2013,8243.87,6506.19,1632.97,
9/3/2013,8180.71,6468.41,1639.77,
9/4/2013,8195.92,6474.74,1653.08,
9/5/2013,8234.98,6532.44,1655.08,
9/6/2013,8275.67,6547.33,1655.17,
9/9/2013,8276.32,6530.74,1671.71,
9/10/2013,8446.54,6583.99,1683.99,
9/11/2013,8495.73,6588.43,1689.13,
9/12/2013,8494.00,6588.98,1683.42,
9/13/2013,8509.42,6583.80,1687.99,
9/16/2013,8613.00,6622.86,1697.60,
9/17/2013,8596.95,6570.17,1704.76,
9/18/2013,8636.06,6558.82,1725.52,
9/19/2013,8694.18,6625.39,1722.34,
9/20/2013,8675.73,6596.43,1709.91,
9/23/2013,8635.29,6557.37,1701.84,
9/24/2013,8664.60,6571.46,1697.42,
9/25/2013,8665.63,6551.53,1692.77,
9/26/2013,8664.10,6565.59,1698.67,
9/27/2013,8661.51,6512.66,1691.75,
9/30/2013,8594.40,6462.22,1681.55,
10/1/2013,8689.14,6460.01,1695.00,
10/2/2013,8629.42,6437.50,1693.87,
10/3/2013,8597.91,6449.04,1678.66,
10/4/2013,8622.97,6453.88,1690.50,
10/7/2013,8591.58,6437.28,1676.12,
10/8/2013,8555.89,6365.83,1655.45,
10/9/2013,8516.69,6337.91,1656.40,
10/10/2013,8685.77,6430.49,1692.56,
10/11/2013,8724.83,6487.19,1703.20,
10/14/2013,8723.81,6507.65,1710.14,
10/15/2013,8804.44,6549.11,1698.06,
10/16/2013,8846.00,6571.59,1721.54,
10/17/2013,8811.98,6576.16,1733.15,
10/18/2013,8865.10,6622.58,1744.50,
10/21/2013,8867.22,6654.20,1744.66,
10/22/2013,8947.46,6695.66,1754.67,
10/23/2013,8919.86,6674.48,1746.38,
10/24/2013,8980.63,6713.18,1752.07,
10/25/2013,8985.74,6721.34,1759.77,
10/28/2013,8978.65,6725.82,1762.11,
10/29/2013,9022.04,6774.73,1771.95,
10/30/2013,9010.27,6777.70,1763.31,
10/31/2013,9033.92,6731.43,1756.54,
11/1/2013,9007.83,6734.74,1761.64,
11/4/2013,9037.23,6763.62,1767.93,
11/5/2013,9009.11,6746.84,1762.97,
11/6/2013,9040.87,6741.69,1770.49,
11/7/2013,9081.03,6697.22,1747.15,
11/8/2013,9078.28,6708.42,1770.61,
11/11/2013,9107.86,6728.37,1771.89,
11/12/2013,9076.48,6726.79,1767.69,
11/13/2013,9054.83,6630.00,1782.00,
11/14/2013,9149.66,6666.13,1790.62,
11/15/2013,9168.69,6693.44,1798.18,
11/18/2013,9225.43,6723.46,1791.53,
11/19/2013,9193.29,6698.01,1787.87,
11/20/2013,9202.07,6681.08,1781.37,
11/21/2013,9196.08,6681.33,1795.85,
11/22/2013,9219.04,6674.30,1804.76,
11/25/2013,9299.95,6694.62,1802.48,
11/26/2013,9290.07,6636.22,1802.75,
11/27/2013,9351.13,6649.47,1807.23,
11/28/2013,9387.37,6654.47,1807.23,
11/29/2013,9405.30,6650.57,1805.81,
12/2/2013,9401.96,6595.33,1800.90,
12/3/2013,9223.40,6532.43,1795.15,
12/4/2013,9140.63,6509.97,1792.81,
12/5/2013,9084.95,6498.33,1785.03,
12/6/2013,9172.41,6551.99,1805.09,
12/9/2013,9195.17,6559.48,1808.37,
12/10/2013,9114.44,6523.31,1802.62,
12/11/2013,9077.11,6507.72,1782.22,
12/12/2013,9017.00,6445.25,1775.50,
12/13/2013,9006.46,6439.96,1775.32,
12/16/2013,9163.56,6522.20,1786.54,
12/17/2013,9085.12,6486.19,1781.00,
12/18/2013,9181.75,6492.08,1810.65,
12/19/2013,9335.74,6584.70,1809.60,
12/20/2013,9400.18,6606.58,1818.32,
12/23/2013,9488.82,6678.61,1827.99,
12/24/2013,9488.82,6694.17,1833.32,
12/25/2013,9488.82,6694.17,1833.32,
12/26/2013,9488.82,6694.17,1842.02,
12/27/2013,9589.39,6750.87,1841.40,
12/30/2013,9552.16,6731.27,1841.07,
12/31/2013,9552.16,6749.09,1848.36,
1/1/2014,9552.16,6749.09,1848.36,
1/2/2014,9400.04,6717.91,1831.98,
1/3/2014,9435.15,6730.67,1831.37,
1/6/2014,9428.00,6730.73,1826.77,
1/7/2014,9506.20,6755.45,1837.88,
1/8/2014,9497.84,6721.78,1837.49,
1/9/2014,9421.61,6691.34,1838.13,
1/10/2014,9473.24,6739.94,1842.37,
1/13/2014,9510.17,6757.15,1819.20,
1/14/2014,9540.51,6766.86,1838.88,
1/15/2014,9733.81,6819.86,1848.38,
1/16/2014,9717.71,6815.42,1845.89,
1/17/2014,9742.96,6829.30,1838.70,
1/20/2014,9715.90,6836.73,1838.70,
1/21/2014,9730.12,6834.26,1843.80,
1/22/2014,9720.11,6826.33,1844.86,
1/23/2014,9631.04,6773.28,1828.46,
1/24/2014,9392.02,6663.74,1790.29,
1/27/2014,9349.22,6550.66,1781.56,
1/28/2014,9406.91,6572.33,1792.50,
1/29/2014,9336.73,6544.28,1774.20,
1/30/2014,9373.48,6538.45,1794.19,
1/31/2014,9306.48,6510.44,1782.59,
2/3/2014,9186.52,6465.66,1741.89,
2/4/2014,9127.91,6449.27,1755.20,
2/5/2014,9116.32,6457.89,1751.64,
2/6/2014,9256.58,6558.28,1773.43,
2/7/2014,9301.92,6571.68,1797.02,
2/10/2014,9289.86,6591.55,1799.84,
2/11/2014,9478.77,6672.66,1819.75,
2/12/2014,9540.00,6675.03,1819.26,
2/13/2014,9596.77,6659.42,1829.83,
2/14/2014,9662.40,6663.62,1838.63,
2/17/2014,9656.76,6736.00,1838.63,
2/18/2014,9659.78,6796.43,1840.76,
2/19/2014,9660.05,6796.71,1828.75,
2/20/2014,9618.85,6812.99,1839.78,
2/21/2014,9656.95,6838.06,1836.25,
2/24/2014,9708.94,6865.86,1847.61,
2/25/2014,9699.35,6830.50,1845.12,
2/26/2014,9661.73,6799.15,1845.16,
2/27/2014,9588.33,6810.27,1854.29,
2/28/2014,9692.08,6809.70,1859.45,
3/3/2014,9358.89,6708.35,1845.73,
3/4/2014,9589.15,6823.77,1873.91,
3/5/2014,9542.02,6775.42,1873.81,
3/6/2014,9542.87,6788.49,1877.03,
3/7/2014,9350.75,6712.67,1878.04,
3/10/2014,9265.50,6689.45,1877.17,
3/11/2014,9307.79,6685.52,1867.63,
3/12/2014,9188.69,6620.90,1868.20,
3/13/2014,9017.79,6553.78,1846.34,
3/14/2014,9056.41,6527.89,1841.13,
3/17/2014,9180.89,6568.35,1858.83,
3/18/2014,9242.55,6605.28,1872.25,
3/19/2014,9277.05,6573.13,1860.77,
3/20/2014,9296.12,6542.44,1872.01,
3/21/2014,9342.94,6557.17,1866.52,
3/24/2014,9188.77,6520.39,1857.44,
3/25/2014,9338.40,6604.89,1865.62,
3/26/2014,9448.58,6605.30,1852.56,
3/27/2014,9451.21,6588.32,1849.04,
3/28/2014,9587.19,6615.58,1857.62,
3/31/2014,9555.91,6598.37,1872.34,
4/1/2014,9603.71,6652.61,1885.52,
4/2/2014,9623.36,6659.04,1890.90,
4/3/2014,9628.82,6649.14,1888.77,
4/4/2014,9695.77,6695.55,1865.09,
4/7/2014,9510.85,6622.84,1845.04,
4/8/2014,9490.79,6590.69,1851.96,
4/9/2014,9506.35,6635.61,1872.18,
4/10/2014,9454.54,6641.97,1833.08,
4/11/2014,9315.29,6561.70,1815.69,
4/14/2014,9339.17,6583.76,1830.61,
4/15/2014,9173.71,6541.61,1842.98,
4/16/2014,9317.82,6584.17,1862.31,
4/17/2014,9409.71,6625.25,1864.85,
4/18/2014,9409.71,6625.25,1864.85,
4/21/2014,9409.71,6625.25,1871.89,
4/22/2014,9600.09,6681.76,1879.55,
4/23/2014,9544.19,6674.74,1875.39,
4/24/2014,9548.68,6703.00,1878.61,
4/25/2014,9401.55,6685.69,1863.40,
4/28/2014,9446.36,6700.16,1869.43,
4/29/2014,9584.12,6769.91,1878.33,
4/30/2014,9603.23,6780.03,1883.95,
5/1/2014,9603.23,6808.87,1883.68,
5/2/2014,9556.02,6822.42,1881.14,
5/5/2014,9529.50,6822.42,1884.66,
5/6/2014,9467.53,6798.56,1867.72,
5/7/2014,9521.30,6796.44,1878.21,
5/8/2014,9607.40,6839.25,1875.63,
5/9/2014,9581.45,6814.57,1878.48,
5/12/2014,9702.46,6851.75,1896.65,
5/13/2014,9754.43,6873.08,1897.45,
5/14/2014,9754.39,6878.49,1888.53,
5/15/2014,9656.05,6840.89,1870.85,
5/16/2014,9629.10,6855.81,1877.86,
5/19/2014,9659.39,6844.55,1885.08,
5/20/2014,9639.08,6802.00,1872.83,
5/21/2014,9697.87,6821.04,1888.03,
5/22/2014,9720.91,6820.56,1892.49,
5/23/2014,9768.01,6815.75,1900.53,
5/26/2014,9892.82,6815.75,1900.53,
5/27/2014,9940.82,6844.94,1911.91,
5/28/2014,9939.17,6851.22,1909.78,
5/29/2014,9938.90,6871.29,1920.03,
5/30/2014,9943.27,6844.51,1923.57,
6/2/2014,9950.12,6864.10,1924.97,
6/3/2014,9919.74,6836.30,1924.24,
6/4/2014,9926.67,6818.63,1927.88,
6/5/2014,9947.83,6813.49,1940.46,
6/6/2014,9987.19,6858.21,1949.44,
6/9/2014,10008.63,6875.00,1951.27,
6/10/2014,10028.80,6873.55,1950.79,
6/11/2014,9949.81,6838.87,1943.89,
6/12/2014,9938.70,6843.11,1930.11,
6/13/2014,9912.87,6777.85,1936.16,
6/16/2014,9883.98,6754.64,1937.78,
6/17/2014,9920.32,6766.77,1941.99,
6/18/2014,9930.33,6778.56,1956.98,
6/19/2014,10004.00,6808.11,1959.48,
6/20/2014,9987.24,6825.20,1962.87,
6/23/2014,9920.92,6800.56,1962.61,
6/24/2014,9938.08,6787.07,1949.98,
6/25/2014,9867.75,6733.62,1959.53,
6/26/2014,9804.90,6735.12,1957.22,
6/27/2014,9815.17,6757.77,1960.96,
6/30/2014,9833.07,6743.94,1960.23,
7/1/2014,9902.41,6802.92,1973.32,
7/2/2014,9911.27,6816.37,1974.62,
7/3/2014,10029.43,6865.21,1985.44,
7/4/2014,10009.08,6866.05,1985.44,
7/7/2014,9906.07,6823.51,1977.65,
7/8/2014,9772.67,6738.45,1963.71,
7/9/2014,9808.20,6718.04,1972.83,
7/10/2014,9659.13,6672.37,1964.68,
7/11/2014,9666.34,6690.17,1967.57,
7/14/2014,9783.01,6746.14,1977.10,
7/15/2014,9719.41,6710.45,1973.28,
7/16/2014,9859.27,6784.67,1981.57,
7/17/2014,9753.88,6738.32,1958.12,
7/18/2014,9720.02,6749.45,1978.22,
7/21/2014,9612.05,6728.44,1973.63,
7/22/2014,9734.33,6795.34,1983.53,
7/23/2014,9753.56,6798.15,1987.01,
7/24/2014,9794.06,6821.46,1987.98,
7/25/2014,9644.01,6791.55,1978.34,
7/28/2014,9598.17,6788.07,1978.91,
7/29/2014,9653.63,6807.75,1969.95,
7/30/2014,9593.68,6773.44,1970.07,
7/31/2014,9407.48,6730.11,1930.67,
8/1/2014,9210.08,6679.18,1925.15,
8/4/2014,9154.14,6677.52,1938.99,
8/5/2014,9189.74,6682.48,1920.21,
8/6/2014,9130.04,6636.16,1920.24,
8/7/2014,9038.97,6597.37,1909.57,
8/8/2014,9009.32,6567.36,1931.59,
8/11/2014,9180.74,6632.82,1936.92,
8/12/2014,9069.47,6632.42,1933.75,
8/13/2014,9198.88,6656.68,1946.72,
8/14/2014,9225.10,6685.26,1955.18,
8/15/2014,9092.60,6689.08,1955.06,
8/18/2014,9245.33,6741.25,1971.74,
8/19/2014,9334.28,6779.31,1981.60,
8/20/2014,9314.57,6755.48,1986.51,
8/21/2014,9401.53,6777.66,1992.37,
8/22/2014,9339.17,6775.25,1988.40,
8/25/2014,9510.14,6775.25,1997.92,
8/26/2014,9588.15,6822.76,2000.02,
8/27/2014,9569.71,6830.66,2000.12,
8/28/2014,9462.56,6805.80,1996.74,
8/29/2014,9470.17,6819.75,2003.37,
9/1/2014,9479.03,6825.31,2003.37,
9/2/2014,9507.02,6829.17,2002.28,
9/3/2014,9626.49,6873.58,2000.72,
9/4/2014,9724.26,6877.97,1997.65,
9/5/2014,9747.02,6855.10,2007.71,
9/8/2014,9758.03,6834.77,2001.54,
9/9/2014,9710.70,6829.00,1988.44,
9/10/2014,9700.17,6830.11,1995.69,
9/11/2014,9691.28,6799.62,1997.45,
9/12/2014,9651.13,6806.96,,
9/15/2014,9659.63,6804.21,,
9/16/2014,9632.93,6792.24,,
9/17/2014,9661.50,6780.90,,
9/18/2014,9798.13,6819.29,,
9/19/2014,9799.26,6837.92,,
9/22/2014,9749.54,6773.63,,
9/23/2014,9595.03,6676.08,,
9/24/2014,9661.97,6706.27,,
9/25/2014,9510.01,6639.71,,
9/26/2014,9490.55,6649.39,,
9/29/2014,9422.91,6646.60,,
9/30/2014,9474.30,6622.72,,
10/1/2014,9382.03,6557.52,,
10/2/2014,9195.68,6446.39,,
10/3/2014,9195.68,6527.91,,
10/6/2014,9209.51,6563.65,,
10/7/2014,9086.21,6495.58,,
10/8/2014,8995.33,6482.24,,
10/9/2014,9005.02,6431.85,,
10/10/2014,8788.81,6339.97,,
10/13/2014,8812.43,6366.24,,
10/14/2014,8825.21,6392.68,,
10/15/2014,8571.95,6211.64,,
10/16/2014,8582.90,6195.91,,
10/17/2014,8850.27,6310.29,,
10/20/2014,8717.76,6267.07,,
10/21/2014,8886.96,6372.33,,
10/22/2014,8940.14,6399.73,,
10/23/2014,9047.31,6419.15,,
10/24/2014,8987.80,6388.73,,
10/27/2014,8902.61,6363.46,,
10/28/2014,9068.19,6402.17,,
10/29/2014,9082.81,6453.87,,
10/30/2014,9114.84,6463.55,,
10/31/2014,9326.87,6546.47,,
11/3/2014,9251.70,6487.97,,
11/4/2014,9166.47,6453.97,,
11/5/2014,9315.48,6539.14,,
11/6/2014,9377.41,6551.15,,
11/7/2014,9291.83,6567.24,,
11/10/2014,9351.87,6611.25,,
11/11/2014,9369.03,6627.40,,
11/12/2014,9210.96,6611.04,,
11/13/2014,9248.51,6635.45,,
11/14/2014,9252.94,6654.37,,
11/17/2014,9306.35,6671.97,,
11/18/2014,9456.53,6709.13,,
11/19/2014,9472.80,6696.60,,
11/20/2014,9483.97,6678.90,,
11/21/2014,9732.55,6750.76,,
11/24/2014,9785.54,6729.79,,
11/25/2014,9861.21,6731.14,,
11/26/2014,9915.56,6729.17,,
11/27/2014,9974.87,6723.42,,
11/28/2014,9980.85,6722.62,,
12/1/2014,9963.51,6656.37,,
12/2/2014,9934.08,6742.10,,
12/3/2014,9971.79,6716.63,,
12/4/2014,9851.35,6679.37,,
12/5/2014,10087.12,6742.84,,
12/8/2014,10014.99,6672.15,,
12/9/2014,9793.71,6529.47,,
12/10/2014,9799.73,6500.04,,
12/11/2014,9862.53,6461.70,,
12/12/2014,9594.73,6300.63,,
12/15/2014,9334.01,6182.72,,
12/16/2014,9563.89,6331.83,,
12/17/2014,9544.43,6336.48,,
12/18/2014,9811.06,6466.00,,
12/19/2014,9786.96,6545.27,,
12/22/2014,9865.76,6576.74,,
12/23/2014,9922.11,6598.18,,
12/24/2014,9922.11,6609.93,,
12/25/2014,9922.11,6609.93,,
12/26/2014,9922.11,6609.93,,
12/29/2014,9927.13,6633.51,,
12/30/2014,9805.55,6547.00,,
12/31/2014,9805.55,6566.09,,
